Judul,Konten
Bupati Bandung Ingin Bertemu RK Bahas Pembangunan Flyover Bojongsoang,Pembangunan fly over Bojongsoang dinilai bisa mengurai kemacetan parah yang sering terjadi di Jalan Raya Bojongsoang.
Dukungan untuk Ridwan Kamil Agar Dua Kali Jadi Gubernur Jabar,Ridwan Kamil didukung dua kali menjadi Gubernur Jabar. Dukungan itu datang saat ia mengunjungi Kota Banjar.
Sanksi Bagi Perundung Siswi SMA di Bandung,"Pelaku bullying atau perundungan siswi di SMAN 1 Ciwidey, Kabupaten Bandung, sudah disanksi. Sanksi diberikan sesuai aturan di internal sekolah."
Menengok Kantor Wabup Indramayu yang Kini Ditinggalkan Lucky Hakim,Kantor Wakil Bupati Indramayu terlihat sepi usai Lucky Hakim menyatakan mundur. Tak ada aktivitas di kantor orang nomor dua Indramayu itu.
Ridwan Kamil Temui Bupati Indramayu Malam Ini Bahas Lucky Hakim,Gubernur Jabar Ridwan Kamil akan bertemu Bupati Indramayu Nina Agustina untuk menuntaskan polemik mundurnya Wabup Indramayu Lucky Hakim.
"Lucky Hakim Mundur dari Kursi Wabup Indramayu, Ini Reaksi Bupati dan RK","Lucky Hakim mengundurkan diri sebagai Wakil Bupati Indramayu. Terkait keputusannya, Lucky Hakim mengungkapkan alasannya mundur dari jabatan tersebut."
Lucky Hakim dan 'Drama' Politikus Baperan,Pengamat politik Universitas Padjadjaran (Unpad) Firman Manan menyayangkan langkah Lucky Hakim yang mundur dari jabatan Wakil Bupati Indramayu.
5 Fakta di Balik Pertemuan Ridwan Kamil dan Lucky Hakim,Gubernur Jabar Ridwan Kamil akhirnya bertemu Lucky hakim yang ingin mundur sebagai Wabup Indramayu. Berikut ini lima fakta di balik pertemuan itu.
Janji Ridwan Kamil Damaikan Seteru Lucky Hakim dan Bupati Nina,Gubernur Jawa Barat Ridwan Kamil dan Lucky Hakim akhirnya bisa bertatap muka. Sebelumnya Ridwan Kamil mangaku sulit menghubungi Lucky Hakim.
RK Bakal Minta Keterangan Bupati Nina soal Polemik Lucky Hakim,Gubernur Jawa Barat Ridwan Kamil telah bertemu dengan Lucky Hakim. Dia juga berencana akan bertemu dengan Bupati Nina Agustina.
Bupati Indramayu Sudah Setahun Tak Bertemu Lucky Hakim,Bupati Indramayu Nina Agustina mengaku sudah setahun tak bertemu Lucky Hakim. Ia pun kaget dengan pengunduran diri Lucky sebagai Wakil Bupati Indramayu.
Kondisi Terkini Iwet Ramadhan Usai Perdaharan di Selaput Otak,Ini dia kondisi terkini Iwet Ramadhan usai perdaharan di otak.
"Sudah Bertemu, RK Segera Cari Solusi Masalah yang Dialami Lucky Hakim",Ridwan Kamil sudah bertemu dengan Lucky Hakim yang menyatakan mundur dari Wabup Indramayu. RK akan segera mencari solusi permasalahan yang dialami Lucky Hakim.
"RK Bertemu Lucky Hakim, Janji Carikan Solusi Polemik di Indramayu",Ridwan Kamil akhirnya bertemu langsung dengan Lucky Hakim. Pertemuan tersebut berlangsung usai Ridwan Kamil itu mengaku kesulitan menghubungi Lukcy Hakim.
"Duet Ibul-Desy Ratnasari di Pilgub Jabar 2024, Sekjen PAN: Semua Berproses","DPW PAN Jabar menggelar olah raga bersama di Jalan Diponegoro, Kota Bandung. Sejumlah tokoh hadir dalam acara tersebut."
"RK, Erick Thohir dan Ganjar Jadi 3 Besar Cawapres Terkuat Survei SPIN","Survei dan Polling Indonesia (SPIN) merilis hasil survei cawapres menjelang Pemilu 2024 dengan tiga besar diisi Ridwan Kamil, Erick Thohir, dan Ganjar Pranowo."
"Survei Capres 2024 SPIN: Prabowo 33%, Ganjar 20,6% dan Anies 20%",Ketua Umum (Ketum) Partai Gerindra Prabowo Subianto keluar menjadi tokoh yang memiliki elektabilitas tertinggi dalam survei capres 2024 versi SPIN.
"Segera Punya 3 Sirkuit Baru, RI Bakal Gelar Banyak Event Balap Dunia",Ketua Umum Ikatan Motor Indonesia (IMI) Bambang Soesatyo memperkenalkan tiga sirkuit balap yang akan dihadirkan oleh IMI.
"Padukan 5 Satelit, Pemkab Indramayu Bangun Pusat Ketahanan Data",Bupati Indramayu Nina Agustina meluncurkan program SKYTREK untuk meningkatkan kesejahteraan warga dan masyarakat.
Desy Ratnasari Buka Peluang Maju Pilgub Jabar Bareng RK-Iwan Bule,"Ketua DPW PAN Jawa Barat, Desy Ratnasari, bicara kemungkinan dirinya maju di Pilgub Jabar bersama Ridwan Kamil atau eks Ketum PSSI Mochamad Iriawan (Iwan Bule)."
Akrobat Politik Lucky Hakim yang Tak Ciamik,Lucky Hakim bikin geger usai mengajukan surat pengunduran diri sebagai Wakil Bupati Indramayu. Langkah politik Lucky Hakim pun dinilai tak ciamik.
PDIP DKI Harap Proyek MRT Cikarang-Balaraja Bisa Atasi Macet,Fraksi PDIP DPRD DKI mendukung pembangunan MRT Cikarang-Jakarta-Balaraja. PDIP berharap pengembangan transportasi publik ini dapat mengurai kemacetan.
Kala Wagub Uu Keliru Tafsirkan Ucapan RK soal Pilgub 2024,"Wagub Jabar Uu Ruzhanul Ulum mengklaim mendapat restu dari Ridwan Kamil untuk maju di Pilgub 2024. Tapi, Ridwan Kamil membantah restu yang diklaim Uu itu."
"Asyik! Pembangunan MRT DKI-Bekasi Segera Dimulai, Jalan-jalan Makin Wuss",Pembangunan angkutan umum massal perkotaan atau MRT Bekasi-DKI Jakarta segera dimulai. Wisatawan bisa lebih mudah menjangkau dua kawasan itu.
"Bupati Bandung Colek RK, Ingin Ada Flyover di Bojongsoang",Bupati Bandung Dadang Supriatna meminta Ridwan Kamil untuk membuatkan flyover di Jalan Raya Bojongsoang. Keberadaan flyover dianggap perlu untuk mengurai macet.
"Polisi: Jepit Kepala Bocah Autis Adalah Metode Terapi, tapi Terapis Lalai","Terapis salah satu RS di Depok, Hendi, ditetapkan sebagai tersangka. Tindakan Hendi menjepit kepala anak pengidap autisme, RF (2), menuai kecaman publik."
Alasan Polisi Tak Tahan Terapis Tersangka Jepit Kepala Bocah Autis di Depok,"Terapis yang menjepit kepala bocah pengidap autisme berusia 2 tahun ditetapkan sebagai tersangka, namun tidak ditahan. Apa alasannya?"
"Lucky Hakim Klarifikasi Sulit Dihubungi Usai Mundur, Siap Temui Ridwan Kamil",Lucky Hakim mengklarifikasi sulit dihubungi Ridwan Kamil setelah mundur sebagai Wabup Indramayu. Lucky mengirimkan pesan ke Kang Emil melalui Instagramnya.
"Lewat Medsos, Lucky Hakim Ngaku Siap Temui Ridwan Kamil",Lucky Hakim merespon panggilan Ridwan Kamil untuk klarifikasi perihal mundurnya dari jabatan Wakil Bupati Indramayu. Dia merespons hal itu melalui media sosial.
Arahan Mendagri untuk RK Agar Damaikan Lucky Hakim-Bupati Nina,Gubernur Jabar Ridwan Kamil diminta Mendagri Tito Karnavian untuk mendamaikan prahara Bupati Nina Agustina dan Lucky Hakim.
Cek! Rincian 48 Wilayah Bakal Dilewati MRT Fase 3 Cikarang-Balaraja,"Proyek MRT Jakarta Fase III sedang disiapkan. Fase III ini menghubungkan Cikarang di Bekasi dengan Balaraja di Tangerang sepanjang 84,1 kilometer (km)."
Ancang-ancang Bekasi Bakal Punya MRT,"Pemprov DKI dan Jawa Barat meneken MoU soal MRT yang melintasi Bekasi di Jabar, DKI Jakarta hingga Balaraja di Banten. MRT itu bakal dibangun 2024."
Jabar Hari Ini: Babak Baru Kasus Mahasiswi Ditabrak di Cianjur,Berbagai peristiwa terjadi di Jabar Hari Ini. Mulai dari beredarnya rekaman penumpang Audi dan Kompol D membahas 'settingan' hingga ayah perkosa anak 100 kali.
"MRT Dibangun 2024, RK Harap Warga Bekasi Beralih ke Transportasi Massal",Pemprov Jawa Barat menandatangani nota kesepakatan bersama dengan Pemprov DKI Jakarta untuk rencana pembangunan moda raya terpadu (MRT).
Heru Budi Ungkap Konsep Kerja Sama Pembangunan MRT Bekasi-Jakarta-Balaraja,Bagaimana konsep kerja sama pembangunan MRT Bekasi-Jakarta-Balaraja yang MoU-nya diteken Pemprov DKI Jakarta bersama Pemprov Jawa Barat dan Pemkot Bekasi?
"RK: Seperempat Juta Warga Bekasi Kerja di DKI, Jadi MRT Sangat Membantu","Ridwan Kamil menyebut seperempat juta warga Bekasi bekerja di Jakarta. Menurutnya, adanya MRT Bekasi-Jakarta akan sangat membantu warganya."
"Dibangun Mulai 2024, Ini Daftar Stasiun MRT Bekasi-Jakarta-Balaraja","Pembangunan MRT Bekasi-Jakarta-Balaraja mulai dibangun pada 2024. Jalur MRT itu direncanakan akan membentang sepanjang sekitar 84,1 kilometer."
"Disebut Restui Uu Maju Cagub Jabar, RK: Saya Bilang 'Saya Doakan'",Gubernur Jabar Ridwan Kamil merespons Wagub Jabar Uu Ruzhanul Ulum yang mengklaim mengantongi restu untuk maju sebagai calon gubernur (cagub) Jabar
Lengkap! Ini Daftar Daerah yang Bakal Dilewati MRT Jakarta Fase III,Pemprov DKI Jakarta memastikan MRT Jakarta fase III yang menghubungkan timur dan barat Jakarta bakal mulai dibangun di tahun 2024 mendatang.
Ridwan Kamil Bantah Restui Uu Ruzhanul Maju Jadi Cagub Jabar,Ridwan Kamil membantah memberikan restu kepada Uu Ruzhanul Ulum untuk maju seagai cagub di Pilub Jabar. Ia mengaku hanya mendoakan.
Ridwan Kamil Yakin MRT Bekasi-DKI Jakarta Bisa Kurangi Kendaraan Pribadi,Pembangunan angkutan umum massal perkotaan atau Mass Rapid Transit (MRT) Bekasi-DKI Jakarta akan segera dimulai.
Penghormatan untuk Inggit Garnasih Melalui Klinik di Bandung,Penghormatan besar diberikan kepada Inggit Garnasih yang merupakan mantan istri Bung Karno. Nama Inggit Garnasih diabadikan menjadi sebuahh klinik di Bandung.
"MoU Diteken RK-Heru Budi, MRT Bekasi-Jakarta-Balaraja Dibangun 2024",Heru Budi menandatangani MoU dengan Ridwan Kamil dan Plt Wali Kota Bekasi soal pembangunan MRT Bekasi-Jakarta-Balaraja. MRT itu dibangun 2024.
'Kode' Ridwan Kamil ke Heru Budi: 'Saya Gubernur DKI',Momen menggelitik terjadi saat Gubernur Jabar Ridwan Kamil menerima kedatangan Pj Gubernur DKI Jakarta Heru Budi Hartono di Gedung Sate.
RK Diminta Mendagri Tito Damaikan Prahara Bupati Nina dan Lucky Hakim,Gubernur Jawa Barat Ridwan Kamil (RK) mendapat arahan dari Menteri Dalam Negeri (Mendagri) Tito Karnavian supaya menyelesaikan polemik Lucky Hakim.
"RK Sulit Hubungi Lucky Hakim Mundur Wabup, Kini Tim Meluncur ke Indramayu",Ridwan Kamil menuturkan tim tengah meluncur ke Indramayu untuk mencari tahu penyebab Lucky Hakim mundur sebagai orang nomor dua di Indramayu.
Ridwan Kamil Mengaku Sulit Hubungi Lucky Hakim Usai Nyatakan Mundur,Gubernur Jawa Barat Ridwan Kamil menyampaikan laporan terkini mengenai polemik yang dalami Lucky Hakim. Ridwan Kamil mengaku susah menghubungi Lucky Hakim.
"MRT Bekasi-DKI Segera Dibangun, Heru Budi Harap Cara Warga Bepergian Berubah",MRT rute Bekasi-Jakarta-Balajara segera dibangun. Pj Gubernur DKI berharap MRT bisa membuat cara bepergian warga bisa berubah.
Momen Lucu Ridwan Kamil Salah Sebut 'Saya Gubernur DKI' di Depan Heru Budi,"Ridwan Kamil menandatangani MoU dengan Heru Budi soal MRT. Dalam acara itu, RK sempat salah menyebut dirinya sebagai Gubernur DKI, yang disambut tawa peserta."
Ridwan Kamil Harap Pusat Setujui Usulan Pahlawan Nasional Inggit Garnasih,"Gubernur Jawa Barat M Ridwan Kamil berharap usulan gelar pahlawan nasional istri kedua Presiden Soekarno, Inggit Garnasih bisa disetujui oleh pemerintah pusat."
"Dicek Otoritas Saudi, Bandara Kertajati Siap Dipakai Penerbangan Haji!","Bandara Internasional Kertajati di Majalengka, Jawa Barat diproyeksikan untuk bisa menjadi embarkasi alias bandara asal untuk penerbangan haji dari Indonesia."
Ridwan Kamil Soroti Kasus Bocah Autis Dijepit Terapis: Itu Metode Lazim?,Gubernur Jabar Ridwan Kamil menyoroti kasus bocah pengidap autisme yang dijepit kepalanya oleh terapis di Depok. Dia berharap ada penjelasan soal peristiwa itu.
Restu Ridwan Kamil untuk Uu Ruzhanul di Pilgub Jabar,Uu Ruzhanul Ulum siap maju di Pilgub Jabar. Ia beralasan sudah mengantongi restu dari Ridwan Kamil untuk jadi cagub yang membuatnya mantap mencalonkan diri.
7 Fakta Terkini Polemik Mundurnya Wabup Indramayu Lucky Hakim,Lucky Hakim memilih mundur dari jabatannya sebagai Wakil Bupati (Wabup) Indramayu. Ini 7 fakta terbarunya.
Jabar Hari Ini: Suara Hati Lucky Hakim yang Ingin Mundur,"Beragam peristiwa terjadi di Jawa Barat, Rabu (15/2/2023), dari mulai pengakuan Lucky Hakim mundur sebagai Wakil Bupati Indramayu hingga JAD galang dana."
Lucky Hakim Siap Penuhi Panggilan Ridwan Kamil,Gubernur Jabar Ridwan Kamil akan memanggil Lucky Hakim terkait pengunduran dirinya sebagai Wabup Indramayu. Lucky pun siap memenuhi panggilan tersebut.
Uu Ruzhanul Kantongi Restu Ridwan Kamil untuk Jadi Cagub Jabar,Wagub Jabar Uu Ruzhanul Ulum mantap maju sebagai cagub Jabar. Apalagi ia mengaku sudah mendapat restu dari Ridwan Kamil.
Polisi Selidiki Dugaan JAD Galang Dana Lewat Bantuan Gempa Cianjur,BNPT mendeteksi kelompok teroris Jamaah Ansharud Daulah (JAD) menggalang dana dengan dalih untuk bantuan korban gempa Cianjur.
RK Akan Panggil Bupati Indramayu dan Lucky Hakim yang Mundur dari Wabup,Gubernur Jawa Barat Ridwan Kamil akan memanggil Lucky Hakim yang mengundurkan diri sebagai wakil bupati Indramayu.
"Teroris JAD Galang Dana Lewat Gempa Cianjur, Polisi Lakukan Penyelidikan",BNPT mendeteksi kelompok teroris Jamaah Ansharud Daulah (JAD) menggalang dana dengan dalih untuk bantuan korban gempa Cianjur.
RK Akan Panggil Lucky Hakim yang Mundur Jadi Wabup Indramayu,Gubernur Jawa Barat Ridwan Kamil akan memanggil Lucky Hakim yang mengundurkan diri sebagai wakil bupati Indramayu.
Upaya RK Tekan Tingginya Kasus Kekerasan Anak-Perempuan di Jabar,Gubernur Jabar Ridwan Kamil merespons tingginya kasus kekerasan terhadap anak dan perempuan di wilayahnya. Pihaknya terus melakukan upaya demi menekan kasus.
5 Fakta Lucky Hakim Mundur Sebagai Wakil Bupati Indramayu,"Lucky Hakim tiba-tiba melayangkan surat pengunduran diri sebagai wakil bupati Indramayu. Surat pengunduran diri itu, dilayangkan kepada DPRD Indramayu."
Jalan Pelik Lucky Hakim di Dunia Politik,"Lucky Hakim memutuskan mundur dari jabatannya sebagai Wabup Indramayu. Keputsannya itu mendapat ragam reaksi dari sejumlah pihak, termasuk Bupati Nina."
Jabar Hari Ini: Berakhirnya Rekor Tak Terkalahkan Luis Milla,Beragam informasi tersaji di detikJabar hari ini. Mulai dari kekalahan Persib hingga Lucky Hakim yang mengundurkan diri sebagai wakil bupati Indramayu
Ridwan Kamil Optimistis Tol Cisumdawu Bisa Dipakai Mudik Lebaran 2023,Gubernur Jawa Barat Ridwan Kamil memberikan kabar terkini mengenai progres pembangunan Jalan Tol Cileunyi-Sumedang-Dawuan (Cisumdawu).
RK soal Lucky Hakim Mundur Jadi Wabup Indramayu: Nanti Saya Hubungi,Gubernur Jawa Barat Ridwan Kamil (RK) merespons keputusan Lucky Hakim yang mengundurkan diri dari kursi wakil bupati Indramayu.
Reaksi Ridwan Kamil soal Wabup Indramayu Lucky Hakim Mundur,"Wabup Indramayu Lucky Hakim mengundurkan diri dari jabatannya. Menanggapi hal ini, Gubernur Jabar Ridwan Kamil memberikan reaksi."
"Survei Populi Center: Ganjar Pranowo Teratas, Anies Disalip Prabowo",Lembaga survei Populi Center merilis hasil survei terbaru terkait figur calon Presiden RI 2024. Ganjar Pranowo menjadi tokoh dengan elektabilitas tertinggi.
"Survei Capres Populi Center: Ganjar Teratas, Disusul Prabowo dan Anies","Lembaga survei Populi Center merilis survei elektabilitas capres di 2024. Hasilnya, Ganjar berlektabilitas 19,8%, Prabowo Subianto 17,1% dan Anies 10,8%."
DIGI Playlist Love Festival 2.0 Hadirkan Kolaborasi Musisi Lintas Genre,"Line up yang tampil memeriahkan ada Krisdayanti, Tipe X, Mocca, Ten2Five, Dygta. Tak hanya itu, musisi Christian Bautista dan Westlife turut hadir meramaikan."
Daftar Lengkap Wali Kota Bandung dari Era Hindia Belanda,Sudah puluhan kali Kota Bandung berganti kepemimpinan atau wali kota. Berikut daftar Wali Kota Bandung dari masa ke masa.
Danau Masjid Al Jabbar Dipenuhi Sampah!,"Pemandangan Masjid Al Jabbar Bandung yang agung berbanding terbalik jika dilihat secara teliti. Benar adanya, danau di sana dipenuhi sampah jemaah."
"Dulu Dirancang Mirip Hawaii, Kini Trotoar di Pantai Pangandaran Rusak","Jalur pedestrian pantai Pangandaran dirancang mirip Hawaii oleh Ridwan Kamil. Kini jalur tersebut sudah mulai tergerus, seperti pasir."
Gubernur yang Mendapat Sentimen Paling Positif di Medsos,Ganjar Pranowo mendapatkan citra positif paling tinggi dalam perbincangan di media sosial. Sedangkan Anies Baswedan ada di posisi paling bontot.
Jabar Hari Ini: Persib Bandung Gagal Muncak,Beragam peristiwa terjadi di Jabar hari ini. Mulai dari Persib Bandung gagal muncak hingga vonis eks Ketua Kadin Jabar ditambah.
17 Warga Jabar Mengungsi di KBRI Imbas Gempa Turki,"Sebanyak 17 warga Jawa Barat dilaporkan harus mengungsi di KBRI Turki di Ankara. Mereka mengungsi bersama WNI lainnya setelah terdampak gempa M 7,8."
Momen Airlangga Kembali Sapa Airin Rachmi 'Gubernur Banten',"Ketum Partai Golkar Airlangga Hartanto kembali menyapa mantan Walkot Tangsel, Airin Rachmi Diany, dengan panggilan 'Gubernur Banten'. Begini momennya."
Lokasi Masjid Al Jabbar Bandung Serta Aturan Berkunjung,Lokasi Masjid Al Jabbar Bandung di mana? Masjid Raya Al Jabbar atau Masjid Gedebage ada di Jawa Barat. Masjid Terapung Al Jabbar diresmikan pada Desember 2022.
"Final! Hasil Akhir Capres-Cawapres Favorit di The Matchmaker, Ada Jagoanmu?",Tahapan memilih dan menjodohkan capres-cawapres untuk Pemilu 2024 di The Matchmaker berakhir. Siapa pasangan tokoh yang paling difavoritkan detikers?
RK Pastikan Perkada APBD Indramayu 2023 Sudah Sesuai Aturan,Ridwan Kamil memastikan proses penyusunan RAPBD Kabupaten Indramayu Tahun 2023 sudah sesuai dengan ketentuan.
Siapa Gubernur Paling Ramai Dibicarakan di Medsos?,Media sosial sekarang menjadi tolak ukur pembentukan opini di masyarakat. Siapakah kepala daerah paling banyak dibicarakan di media sosial?
"3 Calon Kuat Pilwalkot Bandung, Koalisi Parpol Bakal Ikuti Level Nasional",Ada tiga tokoh yang dinilai paling potensial untuk maju di Pilwalkot Bandung 2024. Dua di antaranya merupakan politikus.
"Hasil Musra Jateng, Ganjar Unggul Tipis dari Prabowo sebagai Capres",Hasil Musyawarah Rakyat (Musra) XVII di Jawa Tengah yang digelar Sabtu (4/2) lalu di Semarang sudah keluar. Ada nama Ganjar Pranowo hingga Prabowo Subianto.
Danau Masjid Al Jabbar Belum Bebas Sampah!,Masjid Al Jabbar sudah menjadi magnet bagi warga. Namun sayang keindahan Masjid yang diresmikan Ridwan Kamil itu kerap dirusak karena sampah.
Bursa Capres di Musra Jateng: Ganjar dan Prabowo Banyak Diusulkan,Musra XVII Jateng mengungkap hasil musranya. Ganjar Prabowo dan Prabowo Subianto menjadi nama yang paling banyak diusulkan.
"Terkait JIS, PSSI Dipuji Netizen",PSSI dipuji warganet jelang Kongres Luar Biasa (KLB). Pujiannya terkait keputusan belum menggelar laga internasional di Jakarta International Stadium atau JIS.
RK Wacanakan Pembatasan Masjid Al Jabbar saat Ramadan,Animo kunjungan ke Masjid Al Jabbar begitu besar hingga kini. Gubernur Jawa Barat Ridwan Kamil mewacanakan pembatasan kunjungan di momen ramadan 2023.
Before After Kalimalang Bekasi yang Mirip Sungai di Korea,"Saluran air di Kalimalang, Kota Bekasi, ini menjadi wisata air yang diklaim mirip Sungai Cheonggyecheon di Kota Seoul, Korea Selatan."
RK Wacanakan Kunjungan ke Masjid Al Jabbar Dibatasi Saat Ramadan,Gubernur Jawa Barat Ridwan Kamil sedang mewacanakan pembatasan kunjungan untuk Masjid Al Jabbar. Pembatasan tersebut bakal diberlakukan pada bulan Ramadan 2023.
Ridwan Kamil soal Petani Milenial: Yang Berhasil akan Diviralkan,Ridwan Kamil kembali mengungkit program andalannya yaitu Petani Milenial. Ia menyebut mereka yang berhasil akan diviralkan.
Ridwan Kamil Tegaskan Masjid Al Jabbar Sudah Lunas,Masjid Al Jabbar kembali jadi buah bibir. Kali ini Gubernur Jawa Barat Ridwan Kamil menanggapinya langsung lewat postingan Instagram
Melihat Kemegahan Gedung Geo Theater Sumedang Usai Direnovasi,Gedung Geo Theater Sumedang sempat porak-poranda diterjang angin puting beliung pada 2020. Kini gedung tersebut telah selesai diperbaiki.
Pemprov Jabar Pastikan Utang Petani Milenial Dibayar Hari Ini,Pemprov Jawa Barat berjanji bakal melunasi polemik utang para Petani Milenial angkatan pertama. Rencananya pelunasan utang akan dilaksanakan hari ini.
"Di Festival Cap Go Meh Bogor, RK Pamit ke Warga Jelang Akhir Jabatan","Ridwan Kamil pamitan kepada warga Bogor jelang akhir masa jabatannya sebagai gubernur Jabar. Untuk diketahui, masa jabatan RK akan habis September 2023."
Jabar Sepekan: Sopir Audi Ditahan Polisi hingga Kisruh Petani Milenial,Sejumlah peristiwa mewarnai pemberitaan di Jabar selama sepekan. Mulai dari sopir Audi ditahan hingga polemik Petani Milenial Jabar.
Ridwan Kamil: Cap Go Meh Kota Bogor Festival Terbaik di Jawa Barat,Ridwan Kamil hadir dalam kegiatan Bogor Street Festival CGM 2023. RK menyebut acara ini merupakan festival terbaik di Jawa Barat.
"Di Festival Cap Go Meh, Bima Arya Doakan Dedie Rachim Jadi Wali Kota Bogor",Walkot Bogor Bima Arya mendoakan wakilnya Dedie Rachim jadi Wali Kota Bogor. Hal itu dilontarkan Bima Arya dalam sambutannya di Bogor Street Festival CGM 2023.
"Bogor Street Festival CGM Dimulai, Jl Surya Kencana Ditutup Bagi Kendaraan","Bogor Street Festival Cap Go Meh 2023 Kota Bogor di Jl Surya Kencana Kota Bogor, dimulai. Jl Surya Kencana ditutup hingga malam nanti."
"Survei Capres PWS: Prabowo Tembus 31 Persen, Ganjar-Anies Beda Tipis","Survei PWS menunjukkan elektabilitas Prabowo Subianto menembus angka di atas 30 persen, sedangkan Ganjar Pranowo dan Anies Baswedan menyusul."
"Nonton Konser Dewa 19, Bima Arya Beri Catatan soal Akses JIS",Bima Arya menceritakan pengalamannya menonton konser Dewa 19 di Jakarta International Stadium. Bima mengeluhkan akses jalan yang sulit setelah menonton konser.
"Nonton Konser Dewa 19, Ridwan Kamil Rela Turun ke Festival Demi Ini",Ini dia cerita Ridwan Kamil saat nonton konser Dewa 19.
Kaus Kuning Ridwan Kamil di Konser Dewa 19,"Sambil berkaus kuning, Ridwan Kamil nonton konser Dewa 19 di Jakarta International Stadium (JIS)."
"5 Rekomendasi Lontong Khas Medan, Sedia Pagi hingga Malam","Kelezatan lontong Medan sudah diakui seantero negeri. Untuk mencari lontong enak di Medan tidak lah susah, berikut rekomendasinya untuk Anda."
Prabowo hingga Anies Nonton Konser Dewa 19 di JIS,"Prabowo Subianto hingga Anies Baswedan terlihat hadir menikmati konser Dewa 19 di Jakarta International Stadium (JIS), Jakarta Utara, pada Sabtu malam."
Asa Keluarga Inggit Garnasih di Pundak Presiden Jokowi,Keluarga Inggit Ganasih menitipkan harapan kepada Presiden Joko Widodo (Jokowi). Mereka berharap Jokowi bisa membuat Inggit jadi pahlawan nasional.
Atalia Praratya Menapaki Jalan ke Gerbang Pilkada,"Gubernur Jabar Ridwan Kamil telah merestui istrinya, Atalia Praratya untuk maju di Pilwalkot Bandung 2024. Atalia masih mempertimbangkan tawaran yang datang."
RK Klaim Program Petani Milenial Lebih Banyak Berhasil daripada Gagal,Program yang dibanggakan Pemprov Jawa Barat tersebut ramai diperbincangkan setelah salah satu pesertanya curhat tentang hasil budidaya yang tidak dibayar.
Airlangga Yakin Golkar Bisa Menang di Pemilu 2024 karena Hal Ini,Ketua Umum DPP Partai Golkar Airlangga Hartarto mengatakan kemenangan partai berlambang pohon beringin itu sudah ditunjukkan dengan beberapa bukti.
"RK Akui 30 Persen Petani Milenial Gagal, Ada Imbas Perang Rusia-Ukraina",Gubernur Jawa Barat (Jabar) Ridwan Kamil mengatakan 30 persen petani milenial gagal. Sedangkan 70 persen lainnya dinyatakan berhasil.
"Sekadar Mengingatkan, Pak Bobby-Kang Emil Ngobrol Sambil Motoran Bisa Ditilang, Lho!","Wali Kota Medan Bobby Nasution dan Gubernur Jawa Barat Ridwan Kamil saat ini tengah ramai dibicarakan di media sosial, ada apa nih?"
Ridwan Kamil Akui 30 Persen Petani Milenial Gagal,Topik tentang Petani Milenial belakangan ini menyita perhatian setelah salah satu pesertanya curhat karena hasil budidaya yang tak dibayar.
"Deretan Tokoh Potensial Pilwakot Bandung 2024, Raffi Ahmad-Atalia","Sejumlah tokoh digadang-gadang bakal meramaikan Pilwalkot Bandung 2024. Atalia Pararatya, Yana Mulyana hingga Raffi Ahmad menjadi sosok potensial di ajang itu."
Inggit Garnasih Calon Pahlawan Nasional,"Inggit Garnasih diusulkan sebagai pahlawan nasional oleh Ketua Umum PDIP Megawati Soekarnoputri. Usulan itu dititipkan kepada Gubernur Jawa Barat, Ridwan Kamil."
Kata Pakar soal Polemik Petani Milenial Jabar,Program Petani Milenial Jabar menuai polemik usai petani hasil panennya tak dibayar hingga ditagih utang. Begini kata pakar soal polemik Petani Milenial.
Tren Main Lato-lato Ternyata Juga Pernah Viral di Jerman Tahun 1970-an,Tren main lato-lato sangat 'viral' dan jadi sensasi di Jerman di era 1970-an. Permainan yang dikenal dengan nama Klick-Klack-Kugeln ini dipatenkan di Jerman.
"Dear Kang Emil, Banyak Lontong Medan di Bandung Lho!",Penjual lontong Medan di Bandung 'protes' dengan ucapan Ridwan Kamil. Gubernur Jawa Barat itu disebut mainnya kurang jauh.
"Pak Ridwan Kamil, Ini Ada Lho Lontong Medan di Bandung",Menjawab pertanyaan Gubernur Jabar Ridwan Kamil yang menyebut tak ada Lontong Medan di Bandung. Berikut ini daftar lokasi penjual Lontong Medan di Bandung.
Diperpanjang! Yuk Pilih dan Jodohkan Capres-Cawapres Favorit di The Matchmaker,Tahapan memilih dan menjodohkan pasangan capres-cawapres untuk Pemilu 2024 di The Matchmaker diperpanjang. Yuk ikutan!
Progres Terkini Usulan Gelar Pahlawan untuk Inggit Garnasih,Inggit Garnasih yang pernah menjadi istri Soekarno sebelum menjadi Presiden RI diusulkan mendapat gelar pahlawan. Begini progres terkininya.
Buntut Panjang Polemik Petani Milenial dan Janji Pemprov Jabar Lunasi Utang,"Program Petani Milenial rupanya tak seindah yang dibayangkan. Program dengan tagline 'Tinggal di Desa, Rezeki Kota, Bisnis Mendunia' mendadak menjadi sorotan."
Jabar Hari Ini: Efek Dahsyat Gempa Garut,Beragam peristiwa terjadi di Jabar. Mulai dari gempa yang mengguncang Garut hingga pilu petani millenial yang dikejar-kejar hutang.
"Program Petani Milenial Jadi Polemik, Ridwan Kamil Minta Maaf",Program Petani Milenial yang digagas Gubernur Jawa Barat Ridwan Kamil menyisakan polemik. Ridwan Kamil pun meminta maaf atas persoalan itu.
Ridwan Kamil Minta Maaf soal Polemik Program Petani Milenial,Program Petani Milenial yang digagas Gubernur Jawa Barat Ridwan Kamil menyisakan polemik. Ridwan Kamil meminta maaf.
"Curhat Peserta Program Petani Milenial: Malu Nanggung Utang Rp1,3 M","Peserta Petani Milenial harus menanggung utang Rp1,3 M dari program Petani Milenial yang digalakkan Pemprov Jabar"
Kelakar Ridwan Kamil soal Gabung Golkar: Golongan Kang Ridwan,Ridwan Kamil berseloroh soal alasannya gabung ke Partai Golkar. Gubernur Jabar itu menyebut Golkar adalah singkatan dari Gologan Kang Ridwan.
"Hasil Musra Relawan Jokowi di Jogja: Capres Prabowo, Cawapres Mahfud",Musra relawan Jokowi XVI selesai digelar di Jogja. Hasilnya Prabowo Subianto menjadi calon presiden favorit berdasarkan pemilih Musra Jogja.
Hasil Musra Jokowi di Jogja: Prabowo Capres-Mahfud Md Cawapres,Prabowo dan Mahfud Md menempati posisi puncak dalam Gelaran Musyawarah Rakyat (Musra) Indonesia relawan Joko Widodo (Jokowi) XVI di Jogja.
Canda Ridwan Kamil Ungkap Alasan Gabung Golkar: Golongan Kang Ridwan,"Gubenur Jawa Barat Ridwan Kamil resmi gabung dengan Partai Golkar. Selain alasan politik jelang Pemilu 2024, ternyata Ridwan Kamil pilih Golkar karena namanya."
"Selain Politik, Ternyata Ini Alasan Ridwan Kamil Gabung Golkar",Ridwan Kamil berkelakar soal alasannya gabung ke Partai Golkar. Dia menyebut Golkar singkatan dari Golongan Ridwan Kamil.
Pilu Petani Milenial Jabar: Panen Tak Dibayar dan Dikejar Utang,Kisah pilu dialami warga yang mengikuti program Petani Milenial di Jabar. Ia menceritakan hasil panennya tak dibayar hingga kini dikejar utang.
"Kawasan Industri di Cikarang Menggeliat, Bagaimana Peluang Bisnisnya?",Kawasan industri terus menunjukan situasi yang semakin baik dan ini sesuai dengan riset yang dilakukan perusahaan konsultan properti JLL Indonesia.
"Ridwan Kamil Puji Bobby Benahi Kesawan Medan: Kalau Jadi, Kayak Malioboro","Ridwan Kamil memuji langkah Walkot Bobby Nasution yang menata kawasan Kesawan Medan. Menurutnya jika penataan berhasil, Kesawan bakal seperti Malioboro, Yogya."
Ridwan Kamil: Saya Penasaran Kenapa Tak Ada Lontong Medan di Bandung,"Gubernur Jawa Barat Ridwan Kamil (RK) mengaku penasaran, kenapa lontong Medan tak ada di Bandung. Ia menikmati makanan khas Medan itu."
Atalia dan Bayang-bayang Ridwan Kamil Menatap Pilkada 2024,"Atalia Praratya, istri Gubernur Jabar Ridwan Kamil mulai menunjukkan ketertarikan untuk terjun ke politik. Dia bahkan mengaku direstui sang suami maju Pilkada."
Reaksi PDIP soal Atalia Praratya di Pilwalkot Bandung,Atalia Praratya mendapat restu dari Ridwan Kamil untuk maju di Pilwalkot Bandung. PDIP pun memberikan reaksinya menanggapi hal tersebut.
Ridwan Kamil Ngaku Gaet Rian Ernest Masuk Golkar,Waketum DPP Partai Golkar Ridwan Kamil mengklaim menggaet Rian Ernest masuk Golkar.
Ridwan Kamil Puji Bobby: Medan Beruntung Walkotnya Masih Muda,RK memuji Wali Kota Bobby Nasution saat berkunjung ke Medan. Medan disebut beruntung karena Walkotnya masih muda.
"Naik Bemo Midget, Ijeck Sopiri Ridwan Kamil Berburu Kuliner di Medan",Ijeck membawa Ridwan Kamil berburu kuliner di Medan. Keduanya pergi dengan menggunakan Bemo Widget dengan Ijeck sebagai sopirnya.
Jabar Hari Ini: Puluhan Bayi di RS Bandung Kiwari Dievakuasi,Berikut lima pilihan peristiwa di Jabar Hari Ini yang membetot perhatian publik pilihan tim detikJabar.
Ridwan Kamil Klaim Gaet Rian Ernest Gabung ke Golkar,Ridwan Kamil mengklaim gabungnya Rian Ernest ke Golkar karena dirinya. Dia berharap ke depan semakin banyak anak muda yang gabung ke Golkar.
Asa Menjadikan Observatorium Bosscha Pusat Studi Ilmu Multidisiplin,Rektor ITB Reini Djuhraeni Wirahadikusumah mengatakan Observatorium Bosscha diwacanakan menjadi pusat studi ilmu kebumian dan antariksa.
Ridwan Kamil Bantu Bobby Desain-Biayai Potensi Wisata di Medan: Bukan Politik,Gubernur Jawa Barat Ridwan Kamil berjanji akan membantu Wali Kota Medan Bobby Nasution untuk mendesain dan memberi akses pembiayaan potensi wisata di Medan.
"Musyawarah Relawan Jokowi di Jogja Berakhir, Ini Capres-Cawapres Favoritnya",Musyawarah Rakyat Relawan Jokowi di Jogja selesai digelar. Berikut hasil lengkap musyawarah tersebut.
Restu Ridwan Kamil untuk Atalia dan Ancaman Isu Politik Dinasti,"Gubernur Jabar Ridwan Kamil merestui istrinya, Atalia Praratya maju Pilwalkot Bandung 2024. Atalia mendapat lampu hijau untuk menapaki jejak politik Kang Emil."
Segini Harga Motor Listrik yang Dipakai Bobby Nasution-Ridwan Kamil Keliling Medan,Motor listrik Gesits menjadi sorotan usai digunakan oleh Wali Kota Medan Bobby Nasution. Berapa sih harga motor listrik buatan Cileungsi itu?
Ridwan Kamil Bagi Tips Jauhi Rentenir kepada Emak-emak di Medan,Gubernur Jawa Barat Ridwan Kamil mengingatkan emak-emak di Medan tak terjerat utang dari rentenir. Dia pun membagi tips untuk menghindari jeratan rentenir.
Saran Pakar Unpad untuk Atalia Praratya yang Mulai Kepincut Politik,"Pengamat politik Unpad menyarankan Atalia Praratya, istri Gubernur Jabar Ridwan Kamil tak terburu-buru gabung partai politik."
Perajin 99 Lampu Gentur Masjid Al Jabbar Meninggal Dunia,"Duduy, perajin lampu gentur meninggal dunia. Sebanyak 99 lampu gentur berukuran 1,5 meter yang menghiasi Masjid Al Jabbar Bandung, menjadi karya terakhirnya."
Wali Murid SDN Pocin 1 Adukan Walkot Depok ke RK: Hentikan Penggusuran!,Orang tua murid SDN Pondok Cina 1 meminta Gubernur Jawa Barat Ridwan Kamil memerintahkan Wali Kota Depok M Idris untuk menyetop penggusuran gedung SDN Pocin 1.
Ridwan Kamil-Bobby Nasution Keliling Medan Naik Motor Listrik,Gubernur Jawa Barat Ridwan Kamil dan Walkot Bobby Nasution keliling Kota Medan pakai motor listrik.
Latto-latto Menyenangkan Namun Berbahaya? Ini Kata Disdik DKI,Permainan latto-latto disebut menyenangkan namun berbahaya. Disdik DKI katakan ini.
"Ortu SD Pocin 1 Depok Datangi Kantor Ridwan Kamil, Adukan M Idris",Polemik rencana penggusuran SDN Pondok Cina (Pocin) 1 Kota Depok belum usai. Kelompok orang tua siswa SDN Pocin 1 kali ini mendatangi Gedung Sate.
"Datangi Kantor RK, Ortu SD Pocin 1 Depok Minta Penggusuran Dibatalkan!",Polemik rencana penggusuran SDN Pocin 1 Kota Depok masih belum usai. Kelompok orang tua siswa mendatangi Gesat untuk menyampaikan nota banding ke RK.
"Direstui RK Maju Pilwalkot Bandung, Atalia: Ada Pembicaraan di 3 Parpol","Atalia Praratya, istri Gubernur Jabar Ridwan Kamil mengaku ada pembicaraan dengan 3 partai terkait Pilwalkot Bandung."
"Respons PKS, NasDem, Golkar soal Atalia Dapat Restu RK Maju Pilwalkot","Sejumlah partai di Kota Bandung merespons soal Atalia Praratya yang mendapatkan restu dari suaminya, Gubernur Jabar Ridwan Kamil maju di Pilwalkot Bandung."
Deretan Fakta Ridwan Kamil Restui Atalia Maju di Pilwalkot Bandung,"Gubernur Jabar Ridwan Kamil merestui istrinya, Atalia Praratya mengikuti jejak politiknya. Ridwan Kamil merestui Atalia maju di Pilwalkot Bandung 2024."
Observatorium Bosscha dan Hal Menarik dalam Perjalanannya,Observatorium Bosscha genap berusia 100 tahun pada Januari 2023 ini. Ada hal menarik yang mengiringi perjalanannya.
Restu Ridwan Kamil untuk Atalia Maju Pilwalkot Bandung 2024,Gubernur Jabar Ridwan Kamil merestui istrinya Atalia Praratya maju di Pilwalkot Bandung 2024.
Ridwan Kamil Soal Usulan Cak Imin Hapuskan Gubernur: Tanya Rakyat,"Ridwan Kamil menilai soal usulan penghapusan jabatan gubernur itu bisa dilakukan dengan referendum. Untuk itu, dia meminta agar bertanya ke rakyat."
"Atalia Masuk Bursa Walkot Bandung, Ridwan Kamil: Kapasitas Memang Ada","Istri Ridwan Kamil (RK), Atalia Praratya, masuk bursa calon Wali Kota Bandung. RK menyebutkan istrinya memang memiliki kapasitas."
Jabar Hari Ini: Persib Kudeta Persija di Puncak Klasemen Liga 1,Sejumlah peristiwa mewarnai pemberitaan di Jawa Barat hari ini. Mulai dari Persib kembali ke puncak klasemen Liga 1 hingga babak baru kasus kecelakaan Cianjur.
"Kelakar Ridwan Kamil: Pak Edy Cocok Jadi Presiden, Ada Kerutan","Ridwan Kamil menjawab pertanyaan soal kemungkinan dirinya maju sebagai capres. Sambil berkelakar, Ridwan Kamil menyebut Edy Rahmayadi yang cocok jadi presiden."
Respons Golkar soal Niat Istri Ridwan Kamil Gabung Partai,"Atalia Praratya, istri Ridwan Kamil mempertimbangkan untuk gabung dengan Partai Golkar. Merespons niatan itu, Partai Golkar siap membuka pintu untuk Atalia."
"RK Soal Istrinya Masuk Bursa Walkot Bandung: Survei Bagus, Kapasitas Ada","Ridwan Kamil mengomentari soal kabar istrinya bakal maju sebagai calon Wali Kota Bandung. Dia menyebut survei terhadap istrinya, Atalia Praratya, bagus."
"Berlabuh ke Golkar, Rian Ernest Terinspirasi dari Ridwan Kamil",Rian Ernest resmi menjadi kader Partai Golkar. Rian memlih Golkar karena menganggap partai ini besar dan memiliki banyak orang hebat.
"Soal Maju Jadi Capres, Ridwan Kamil: Tidak Diambisikan",Ridwan Kamil mengaku tahu diri dan membiarkan takdir yang mengatur terkait maju ke arena Pilpres 2024 sebagai capres.
Atalia Kantongi Restu Ridwan Kamil untuk Maju Pilwalkot Bandung,Atalia Praratya mengaku sudah mendapatkan restu dari Ridwan Kamil untuk maju Pilkada.
"Ikuti Jejak Suaminya Ridwan Kamil, Atalia Pertimbangkan Gabung Golkar","Ridwan Kamil kini sudah resmi menjadi kader Partai Golkar. Jejak Kang Emil ini pun rencananya bakal diikuti oleh istrinya, Atalia Praratya."
RK Soal Pembangunan Patung Bung Karno: Tak Pakai Dana APBD,Ridwan Kamil menanggapi soal kritikan pembuatan patung Bung Karno di Bandung. RK mengatakan pembuatan patung tak menggunakan dana APBD.
Ridwan Kamil Restui Atalia Praratya Maju di Pilwalkot Bandung,Atalia Praratya mengaku sudah mendapatkan restu dari Ridwan Kamil untuk maju di Pilwalkot Bandung. Akankah Atalia maju di Pilwalkot Bandung usai mendapat restu?
"Soal Capres, RK: Biarkan Takdir yang Atur, Tidak Diambisikan",Ridwan Kamil jawab soal dirinya kemungkinan diusung ke sebagai bakal capres. Politisi Golkar itu mengatakan tahu diri dan membiarkan takdir yang mengatur.
Ridwan Kamil Ungkap Hasil Survei Jabar Provinsi Toleran,Gubernur Jabar Ridwan Kamil mengungkap data hasil survei yang menunjukkan bahwa Jawa Barat merupakan provinsi yang toleran.
"RK: Urusan Transportasi Publik di Jabar Sedang Dikerjakan, Butuh Proses","Ridwan Kamil menegaskan persoalan transportasi publik di Jawa Barat saat ini sedang dikerjakan. Namun, menurutnya, hal itu membutuhkan proses."
"Observatorium Bosscha Genap 1 Abad, Traveler Pernah Singgah?",Observatorium Bosscha genap berusia satu abad tahun ini. Observatorium astronomi modern pertama di Asia Tenggara.
Guru Besar Unpad Pimpin Usulan Inggit Garnasih Jadi Pahlawan,Pemprov Jabar menunjuk guru besar dari Universitas Padjajaran untuk mendapatkan gelar pahlawan.
RK Gercep Tindaklanjut Usulan Inggit Garnasih Jadi Pahlawan Nasional,Ridwan Kamil gercep tindak lanjut usulan Megawati yang ingin Inggit Garnasih menjadi pahlawan nasional.
Upaya Lestarikan Observatorium Bosscha di Usianya yang Seabad,Observatorium Bosscha kini berusia satu abad. Gubernur Jabar Ridwan Kamil pun akan memperjuangkan lokasi tersebut sebagai bangunan cagar budaya.
"Profil Inggit Garnasih: Diusulkan Jadi Pahlawan Nasional, Ibu Kos-Istri Sukarno",Inggit Garnasih diusulkan sebagai Pahlawan Nasional oleh Megawati. Berikut profil dan jasanya.
Pakar Unpad Soroti Keluarga Soekarno soal Inggit Jadi Pahlawan Nasional,"Guru Besar Unpad Muradi menilai, usulan Megawati untuk menjadikan Inggit Garnasih perlu persetujuan dari keluarga besar Bung Karno."
Permintaan Maaf Fatmawati Istri Bung Karno kepada Inggit Garnasih,"Fatmawati, istri Soekarno, meminta maaf kepada Inggit Garnasih. Momen ini terekam dalam sebuah foto yang terpajang di Rumah Bersejarah Inggit Garnasih."
Viral 'Negeri Peri' di Pangandaran,Viral di media sosial ada 'negeri peri' di Pangandaran yang suasananya begitu eksotis. Simak di sini ulasannya.
Pencinta Mercedes-Benz dari Berbagai Negara Bakal Ngumpul di Indonesia,"Ribuan pemilik, penggemar, komunitas dan pencinta Mercedes-Benz akan berkumpul dalam ajang Merceday-Benz."
Respons Keluarga soal Usulan Inggit Garnasih Jadi Pahlawan Nasional,"Cucu angkat Inggit Garnasih, Tito Asmarahadi angkat bicara terkait keinginan Ketum PDIP Megawati Soekarnoputri yang mengusulkan Inggit jadi pahlawan nasional."
Berkenalan dengan Juru Pelihara Rumah Bersejarah Inggit Garnasih,"Sudah 23 tahun lamanya, Jajang Ruhyat (47) menjadi juru pelihara sekaligus pemandu Rumah Bersejarah Inggit Ganarsih di Kota Bandung."
Siapa Sosok Inggit Garnasih yang Diusulkan Jadi Pahlawan Nasional oleh Megawati?,Inggit Garnasih diusulkan sebagai pahlawan nasional oleh Megawati. Bagaimana sosoknya?
Inggit Garnasih 'Diantar' Megawati ke Gerbang Pahlawan Nasional,Megawati seolah mengantar Inggit ke 'pintu gerbang' penghormatan sebagai pahlawan nasional.
RK Terharu Megawati Usulkan Inggit Garnasih Jadi Pahlawan Nasional,Gubernur Jawa Barat Ridwan Kamil mengaku terharu mendengar permintaan Ketua Umum PDIP Megawati Soekarnoputri soal Inggit Garnasih.
Pemkot Depok Bakal Tertibkan Warga yang Nongkrong di Underpass Dewi Sartika,Kelakuan sejumlah warga menggunakan underpass Dewi Sartika Depok untuk nongkrong viral. Wali Kota Depok mengingatkan underpass tak layak untuk nongkrong.
"Diusulkan Megawati Jadi Pahlawan Nasional, Ini Jasa Inggit Garnasih",Inggit merupakan perempuan yang ikut berjuang membantu Soekarno demi cita-cita kemerdekaan.
Megawati Minta RK Perjuangkan Inggit Garnasih Sebagai Pahlawan Nasional,Ketua PDIP Megawati Soekarnoputri berpesan agar Gubernur Jawa Barat Ridwan Kamil memperjuangkan Inggit Garnasih sebagai pahlawan nasional.
Sosok Inggit Garnasih yang Diusulkan Megawati Jadi Pahlawan Nasional,Ketum PDIP Megawati Soekarnoputri mengusulkan Inggit Garnasih sebagai pahlawan nasional. Inggit diketahui sebagai istri kedua Sukarno.
"Megawati Usul Inggit Garnasih Jadi Pahlawan Nasional, Ridwan Kamil Terharu",Megawati berpesan kepada Ridwan Kamil untuk memperjuangkan Inggit Garnasih sebagai pahlawan nasional. Ridwan Kamil mengaku sangat terharu atas usulan itu.
Pesan Megawati ke RK: Perjuangkan Inggit Garnasih sebagai Pahlawan Nasional,Ketum PDIP Megawati Soekarnoputri berpesan kepada Gubernur Jawa Barat Ridwan Kamil (RK) untuk memperjuangkan Inggit Garnasih sebagai pahlawan nasional.
"PDIP Gelar Senam Bersama di Gedung Sate, Ridwan Kamil Hadir Berbaju Merah","PDIP menggelar senam di pelataran Gedung Sate, Kota Bandung. Gubernur Jabar Ridwan Kamil tampak hadir menggunakan baju merah."
"Elektabilitas Cawapres di Papan Teratas, Erick Thohir: Nggak Ada yang Dukung",Erick Thohir menilai percuma jika tidak ada dukungan parpol menanggapi hasil survei yang menunjukkan elektabilitasnya sebagai cawapres di posisi teratas.
Pesawat Airlangga dan RK Gagal Mendarat di Manado gegara Banjir,Ketum Partai Golkar Airlangga dan Waketum Partai Golkar RK mengalami pengalaman kurang menyenangkan. Pesawat yang ditumpangi keduanya gagal mendarat di Manado.
NasDem Karawang Klaim Anies Akan Ungguli Prabowo di Pemilu 2024,Ketua DPD Partai NasDem Kabupaten Karawang Dian Fahrudjaman menyebut popularitas Anies Baswedan mengungguli Prabowo pada Pilpres 2024 mendatang.
"Pekan Terakhir! Muncul Nama Baru di Top 5 Cawapres The Matchmaker, Siapa?",Sesi memilih dan menjodohkan tokoh favorit untuk menjadi pasangan capres dan cawapres di The Matchmaker memasuki pekan terakhir. Yuk vote sekarang!
SMRC Sebut RK Bisa Saingi Suara Prabowo dan Anies di Jawa Barat,Pendiri SMRC Saiful Mujani menyatakan Gubernur Jawa Barat Ridwan Kamil bisa menyaingi suara Prabowo Subianto dan Anies Baswedan di daerahnya.
"Lapor ke Airlangga, RK Pamer Investasi di Jabar 2022 Terbesar Dalam Sejarah",Gubernur Jawa Barat (Jabar) Ridwan Kamil melaporkan kinerja ekonomi Jabar ke Menko Perekonomian Airlangga Hartarto.
"Stok Beras di Jabar Surplus, Tak Perlu Impor",Gubernur Jawa Barat Ridwan Kamil tidak setuju dengan rencana impor beras yang bakal dilakukan pemerintah lantaran Jabar masih miliki stok beras yang cukup.
'Tamparan' Gerindra Jabar kepada Figur Mencla-mencle,Gerindra Jabar memberi tamparan keras. Gerindra menegaskan tak akan mengusung figur yang mencla-mencle pada Pilgub Jabar 2024.
Airlangga Minta RK Tingkatkan Target Kursi Legislatif Golkar di Jawa,"Ketum Golkar, Airlangga Hartarto menghadiri Rakornis pemenangan Pemilu wilayah Jawa I (Banten, DKI Jakarta dan Jawa Barat)."
Airlangga Sapa Airin Rachmi 'Gubernur Banten' di Rakornis Golkar,Ketua Umum Golkar Airlangga Hartarto sempat menyapa Ketua Umum Pimpinan Pusat Kesatuan Perempuan Partai Golkar (PP KPPG) Airin Rachmi Diany sebagai 'gubernur'.
"Ada RK, Airlangga Tambah Target Kursi Parlemen Golkar di Jabar-DKI 2024","Airlangga berharap dengan masuknya Ridwan Kamil atau Kang Emil ke Golkar, dapat menambah jumlah kursi yang diperoleh Golkar di Pemilu 2024."
"Gerindra Jabar Ogah Usung Figur Mencla-mencle di Pilgub, PKB Singgung RK",Gerindra Jabar tak akan mengusung sosok mencla-mencle di Pilgub Jabar. PKB Jabar menyinggung nama Gubernur Jabar Ridwan Kamil (RK) soal figur mencla-mencle.
"Gerindra Ogah Usung Figur Mencla-mencle, PKB Singgung Sosok RK",Gerindra sudah memastikan tidak akan mengusung figur mencla-mencle di Pilgub Jabar 2024 mendatang. Ini kata PKB Jabar.
Membaca Maksud Gerindra Ogah Usung Figur Mencla-mencle di Pilgub Jabar,"Partai Gerindra menegaskan takkan mengusung figur yang mencla-mencle untuk Pilgub Jawa Barat 2024 mendatang. Lantas, siapa figur yang dimaksud oleh Gerindra?"
"Musra Relawan Jokowi di Kalsel: Airlangga Capresnya, Mahfud Cawapres",Gabungan relawan Presiden Joko Widodo (Jokowi) selesai menggelar Musyawarah Rakyat (Musra) XV di Kalimantan Selatan.
"Fenomena Sosial ""Latto-Latto""",Suara latto-latto yang khas itu dalam beberapa bulan terakhir ini telah meramaikan ruang dan peristiwa pendengaran kita.
Survei Algoritma: Ganjar-Prabowo Dianggap Sosok Tepat Penerus Jokowi,"Algoritma Research & Consulting melakukan survei terkait sosok yang akan melanjutkan kebijakan Jokowi. Hasilnya ada nama Ganjar, Prabowo hingga Ridwan Kamil."
Gembiranya Sahrul Gunawan Sambut Ridwan Kamil di Golkar,Wabup Bandung Sahrul Gunawan menyambut gembira bergabungnya Ridwan Kamil ke Partai Golkar. Ia yakin Golkar akan makin besar.
Aher Soal Ridwan Kamil Gabung Golkar: Sulit Jadi Pejabat Tanpa Parpol,Gubernur Jabar Ridwan Kamil telah bergabung ke Partai Golkar. Mantan Gubernur Jabar Ahmad Heryawan pun menanggapi soal langkah politik Ridwan Kamil itu.
"Peta Kekuatan Ganjar, Prabowo dan Anies di Survei Capres, Siapa Paling Unggul?","Ganjar Pranowo, Prabowo Subianto dan Anies Baswedan bersaing ketat dalam hasil survei Capres 2024. Berikut peta kekuatan tiga nama itu."
Menengok Jembatan Kereta Api Terpanjang di Indonesia,"Mengingat kembali jejak sejarah jalur kereta api (KA) Banjar-Cijulang dengan melihat jembatan KA terpanjang di Indonesia. Letaknya di Desa Pamotan, Kalipucang."
Peta Kekuatan 3 Capres Terkuat di Awal 2023 dari 5 Survei Terhangat,"Terdapat 5 lembaga survei yang merilis penelitiannya soal kekuatan Capres. Mereka menggambarkan bagaimana persaingan antara Ganjar, Prabowo, dan Anies Baswedan."
Kala Pedagang Bakso Tahu di Bandung 'Dikepung' Tentara Amerika,Foto menggambarkan pedagang bakso tahu di Bandung 'dikepung' Tentara Amerika bikin geger media sosial. Para tentara itu jajan bakso tahu dan menyukainya.
Menanti Langkah Politik Ridwan Kamil Usai Gabung Golkar,"Ridwan Kamil kini sudah jadi bagian Partai Golkar. Kini, langkah politik Ridwan Kamil pun dinantikan publik usai jadi kader partai politik."
"Survei Capres 2024 LSI: Ganjar Unggul, Prabowo dan Anies Saling Kejar","LSI merilis hasil simulasi Pilpres 2024. Hasilnya, Ganjar Pranowo mengungguli hasil survei sementara Prabowo dan Anies saling kejar."
"Terpopuler Sepekan: Serial Killer Cianjur, Ridwan Kamil Masuk Golkar","Terpopuler Sepekan: Serial Killer Cianjur, Ridwan Kamil Masuk Golkar"
Pesan Tokoh Senior Golkar untuk Ridwan Kamil,Gubernur Jabar Ridwan Kamil telah bergabung ke Partai Golkar. Ridwan Kamil pun mengaku sudah bersilaturahmi ke sejumlah tokoh senior Golkar.
"Blusukan ke Karawang, Anies Buka Turnamen Voli Antar Kampung",Anies Baswedan mekakukan kunjungan ke Kabupaten Karawang. Berbagai kegiatan dia lakukan termasuk buka turnamen voli antar kampung.
"Diajak RK Menengok Keindahan Masjid Al Jabbar, Jusuf Kalla: Luar Biasa",Ridwan Kamil mengajak Wakil Presiden Indonesia 2014-2019 Jusuf Kalla berkunjung ke Masjid Raya Al Jabbar. Jusuf Kalla mengaku kagum dengan keindahan Al Jabbar.
Polisi Akan Tertibkan Anak Muda Depok Nongkrong di Underpass Dewi Sartika,"Video memperlihatkan sekelompok anak muda nongkrong di underpass Dewi Sartika, Depok. Pihak kepolisian akan menertibkan."
Menengok Kondisi Jalur Alternatif ke Masjid Al Jabbar di Akhir Pekan,"Akses jalan menuju ke Masjid Raya Al Jabbar menuai kritik lantaran kerap dilanda kemacetan. Namun, kondisi terkini menuju masjid via Summarecon sepi."
Ridwan Kamil Bidik Investasi Tambang di Sulawesi Tengah,Gubernur Jawa Barat Ridwan Kamil meminta Gubernur Sulawesi Tengah Rusdy Mastura membuka pintu investasi untuk para pengusaha tambang asal Jabar.
Respons Ridwan Kamil soal Tingginya Angka Pernikahan Dini di Jabar,Gubernur Jabar Ridwan Kamil merespons tingginya kasus pernikahan dini di Jawa Barat.
Jabar Hari Ini: Kekejaman Wowon Cs hingga Pilu Nenek Pencari Keadilan,"Beragam peristiwa terjadi di Jabar hari ini. Dari mulai pembunuhan keji Wowon terhadap empat istrinya, hingga langkah politik Gubernur Jabar Ridwan Kamil."
"Resmikan Situ Gede Bogor, Ridwan Kamil Naik Kano Warna Kuning",Gubernur Jawa Barat Ridwan Kamil didampingi Wali Kota Bogor Bima Arya meresmikan revitalisasi Situ Gede di Bogor Barat Kota Bogor. Ia menaiki kano warna kuning
PPP Pede Kekuatan Pemprov Jabar Bertambah Usai RK Gabung Golkar,Bergabungnya Ridwan Kamil ke Partai Golkar diyakini akan menambah kekuatan Ridwan Kamil dan Uu Ruzhanul Ulum di Pemprov Jabar.
Ridwan Kamil Legawa Maju di Pilkada Usai Gabung Golkar,Gubernur Jawa Barat Ridwan Kamil bicara soal peluang perjalanan politiknya di Pemilu 2024 usai resmi gabung dengan Partai Golkar.
"Suara Ridwan Kamil Naik Signifikan di The Matchmaker, Ini Hasil Sementaranya",Suara Ridwan Kamil naik signifikan di The Matchmaker pekan ini. Ada yang vote RK sebagai capres dan ada juga yang dukung jadi cawapres. Ini hasil sementaranya
"Gibran Siap Maju Cagub 2024, Bagaimana Kekuatannya di Survei?",Walkot Solo Gibran Rakabuming Raka menyatakan siap maju sebagai bakal cagub jika ditugaskan PDIP. Seberapa kuat nama Gibran di hasil sejumlah survei pilgub?
"Ridwan Kamil Bonceng Anak di Dek Vespa, Bahaya Nggak Sih?","Arkana dibonceng dengan berdiri di area dek Vespa. Dari kaca mata safety riding, membonceng balita seperti itu, amankah?"
"Mengintip Fasilitas Tasik Creative Center, 'Gedung Mahal' Versi RK",Kota Tasikmalaya memiliki sarana baru untuk mendukung aktivitas para pelaku usaha ekonomi kreatif. Hal itu menyusul rampungnya Tasik Creative Center.
Target PKS di Pilwalkot Bandung 2024,Partai Keadilan Sejahtera (PKS) telah menyiapkan kader-kader potensial yang bakal diusung pada Pilwalkot Bandung 2024.
"Profil Kiky Saputri, Komika yang Berani Roasting Pejabat",Simak perjalanan karier Kiky Saputri hingga deretan roasting-an sang komika buat deretan pejabat.
Ridwan Kamil Disebut Tepat Gabung ke Partai Golkar,"Bergabungnya Ridwan Kamil ke Partai Golkar dinilai sebagai pilihan tepat. Di saat bersamaan, Ridwan Kamil juga akan memberi dampak positif bagi Golkar."
"Alokasi Kursi Dapil Bergeser, PDIP Bali Ogah Ambil Pusing",PDIP Bali mengaku tak ambil pusing terkait rancangan dapil pemilu 2024 yang membuat alokasi kursi di Badung dan Buleleng bergeser.
"Underpass Dewi Sartika Depok Resmi Beroperasi, Ini Kata Warga","Sejumlah warga menyambut antusias pengoperasian underpass Dewi Sartika, Depok. Mereka mengklaim underpass itu berhasil mengatasi kemacetan."
"Pilih Masuk Golkar, Ridwan Kamil Dinilai Incar Tiket Cawapres",Ridwan Kamil resmi berlabuh ke Partai Golkar. Sosok yang juga terkenal sebagai arsitek tersebut dinilai sedang mengincar tiket calon wakil presiden.
Menjajal Underpass Depok yang Katanya Bisa Urai Kemacetan,"Underpass Dewi Sartika telah resmi dibuka sejak Selasa (17/1). Underpass ini digadang-gadang mampu mengurai kemacetan, benarkah?"
Menjajal Jalur Alternatif Menuju Masjid Al Jabbar Bandung,"Arus lalu lintas menuju kawasan Masjid Raya Al Jabbar, Kota Bandung, menjadi sorotan karena kemacetan parah selalu terjadi saat akhir pekan."
Bergabungnya Ridwan Kamil Bikin Pede Golkar Pangandaran,"Bergabungnya Ridwan Kamil ke Partai Golkar disambut positif para kader. Bahkan, Ridwan Kamil diyakini akan membawa efek sinifikan di Pangandaran."
Golkar soal Kemungkinan RK Cawapres Dampingi Airlangga: Dia Tahu Diri,Ace bicara terkait kemungkinan Ridwan Kamil menjadi cawapres pendamping Airlangga. Ace mengungkap RK sempat menyampaikan dirinya tahu diri.
"Kurang Bayar Iuran Partai, Anggota DPRD Kota Sukabumi Kena PAW","Seorang anggota DPRD Kota Sukabumi aktif dari fraksi PAN, Faisal Anwar di-PAW partai. Keputusan itu diduga karena Faisal tak membayar 'setoran' pada partai."
"RK Gabung ke Golkar, Komunikolog Nilai Airlangga Jeli Melihat Peluang",Komunikolog Indonesia Emrus Sihombing menilai bergabungnya Ridwan Kamil (RK) ke Partai Golkar menguntungkan dan membawa nilai positif untuk kedua belah pihak.
Suara Nasdem dan Gelora Usai Ridwan Kamil Gabung Golkar,Gubernur Jabar Ridwan Kamil telah bergabung ke Partai Golkar. Apa respons Nasdem Jabar dan Gelora Jabar?
RK Merapat ke Golkar tapi Capresnya Tetap Airlangga,"Ridwan Kamil resmi jadi kader dan memegang kartu anggota Partai Golkar. Bertugas memenangkan pemilu, Ridwan Kamil menggaungkan Airlangga Hartarto capres Golkar."
Asal-usul Batik 'Ironman' yang Dipakai RK di Markas Golkar,Ridwan Kamil memakai batik bermotif 'Ironman Telorceplok' sebelum diresmikan menjadi kader partai Golkar. Simak asal-usul batik bermotif unik tersebut.
Lembaran Baru Ridwan Kamil Usai Gabung Partai Golkar,Ridwan Kamil sudah sah menjadi kader Partai Golkar. Kini Ridwan Kamil punya lembaran hidup baru dalam perjalanan politiknya.
Menakar Peluang Ridwan Kamil Usai Gabung Golkar,Ridwan Kamil resmi menjadi kader partai Golkar dalam menatap Pemilu 2024. Bagaimana peluangnya di partai berlambang pohon beringin itu?
Ijeck Sambut Ridwan Kamil yang Gabung Golkar: Akhirnya Terkuning-kuning,Musa Rajekshah (Ijeck) menyambut dengan gembira Ridwan Kamil yang bergabung ke Golkar. Ijeck menyebut Ridwan Kamil akhirnya terkuning-kuning.
"Ridwan Kamil Gabung Golkar, Langsung Jabat Waketum DPP",Ridwan Kamil resmi bergabung dengan Partai Golkar. Dia langsung menjabat sebagai Waketum DPP Golkar usai bergabung.
Jabar Hari Ini: Ridwan Kamil Berlabuh ke Partai Golkar,"Beragam peristiwa terjadi di Jabar hari ini, Rabu (18/1/2023). Dari mulai kasus pemerkosaan di Sukabumi hingga Ridwan Kamil bergabung Partai Golkar."
Ridwan Kamil: Followers 30 Juta di Medsos Jadi Modal Strategi di Golkar,Gubernur Jawa Barat Ridwan Kamil resmi bergabung ke Partai Golkar. RK mengatakan pengikutnya sebanyak 30 juta di media sosial jadi modal menjalankan tugasnya.
"Ternyata, Sudah 2 Tahun Lamanya Ridwan Kamil Lirik Golkar","Gubernur Jawa Barat, Ridwan Kamil, mengaku telah melirik Partai Golkar sejak lama. Ia telah meminta izin kepada senior Partai Golkar sebelum akhirnya bergabung."
Sederet Pertimbangan Ridwan Kamil Pilih Partai Golkar untuk Berlabuh,"Gubernurnya Jawa Barat, Ridwan Kamil mengungkap alasan bergabung dengan Partai Golkar. Diantaranya, karena kedekatan dengan Ketum Airlangga Hartarto."
"Resmi Jadi Kader Golkar, RK: Nanti Banyak Anak Muda 'Menguning'","Gubernur Jawa Barat, Ridwan Kamil telah resmi menjadi kader Partai Golkar. RK berkomitmen untuk menggaungkan Airlangga sebagai capres."
"Jadi Waketum, Ridwan Kamil Ngaku 'Lirik' Golkar 2 Tahun Lebih",Gubernur Jabar Ridwan Kamil resmi bergabung ke Partai Golkar dan ditunjuk sebagai Waketum. Ridwan Kamil mengaku telah 'melirik' Golkar lebih dari 2 tahun.
"Ridwan Kamil Masuk Golkar, Pacul PDIP Ogah Komentar Rumah Tangga Partai Lain",Ridwan Kamil resmi bergabung ke Golkar hari ini. Ketua Bapilu PDP Bambang Wuryanto atau Bambang Pacul menilai itu hak politik setiap orang.
"Resmi Jadi Kader Golkar, Ridwan Kamil Bertugas Menangi Pemilu",Gubernur Jawa Barat Ridwan Kamil resmi jadi kader Golkar. RK ditugaskan untuk menjadi Waketum Bidang Penggalangan Pemilih Partai Golkar.
Titah Airlangga buat Ridwan Kamil: Galang Suara untuk Golkar,Ridwan Kamil resmi menjadi kader Partai Golkar. Gubernur Jawa Barat ini pun langsung mendapat tugas khusus dari Ketua Umum Airlangga Hartarto.
Partai Golkar Jadi Pilihan Ridwan Kamil,Ridwan Kamil resmi bergabung dengan Partai Golkar pada Rabu (18/1/2023). Gubernur Jawa Barat itu diberi jabatan Wakil Ketua Umum Bidang Penggalangan Pemilih.
"RK Didapuk Jadi Waketum Golkar, Siap Gaungkan Airlangga Capres!",Gubernur Jawa Barat Ridwan Kamil langsung didapuk menjadi wakil ketua umum (waketum) bidang penggalangan pemilih Partai Golkar.
Ridwan Kamil Ungkap Alasan Berlabuh ke Golkar: Partai Tengah,Gubernur Jawa Barat Ridwan Kamil resmi bergabung ke Golkar. Ridwan Kamil mengungkapkan alasan memilih partai berlogo pohon beringin itu sebagai tempat berlabuh.
"Ridwan Kamil Jadi Waketum Golkar, Siap Gaungkan 'Airlangga Capres'",Ridwan Kamil resmi bergabung dengan Partai Golkar. Ridwan Kamil ditunjuk oleh Ketum Golkar Airlangga Hartarto sebagai wakil ketua umum.
Tugas Khusus Ridwan Kamil Usai Resmi Gabung Golkar,Gubernur Jawa Barat RK telah resmi menjadi kader Partai Golkar. Ketum Partai Golkar Airlangga Hartarto memberikan tugas khusus untuk RK usai resmi bergabung.
Cerita Batik Iron Man yang Dipakai Ridwan Kamil Saat Gabung Golkar,Gubernur Jawa Barat Ridwan Kamil resmi bergabung dengan Partai Golkar dan diumumkan oleh Ketua Umum Airlangga Hartarto di kantor DPP Partai Golkar
Sah! Ridwan Kamil Resmi Jadi Kader Golkar,Gubernur Jawa Barat (Jabar) Ridwan Kamil telah resmi menjadi kader Partai Golkar!
"Pakai Jas Kuning, Ridwan Kamil Resmi Jadi Kader Partai Golkar!",Gubernur Jabar Ridwan Kamil sah menjadi kader Partai Golkar. Resminya Ridwan Kamil jadi kader Partai Golkar ditandai dengan jas warna kuning yang dikenakannya.
Gaya Ridwan Kamil Pakai Batik Kuning Saat Tiba di DPP Golkar,"Gubernur Jabar, Ridwan Kamil tiba di DPP Partai Golkar. RK yang mengenakan batik berwarna kuning tak banyak berkomentar dan langsung masuk ke kantor Golkar."
Respons PAN Jabar soal Ridwan Kamil Gabung Golkar,"DPW PAN Jabar memastikan komunikasi partainya dengan Ridwan Kamil, yang akan bergabung dengan Golkar, tak akan putus."
PKB Tak Masalah Ridwan Kamil Gabung Golkar: Itu Hak Politik,Gubernur Jabar RK dipastikan akan bergabung ke Partai Golkar hari ini. Wasekjen DPP PKB Syaiful Huda menghargai pilihan RK.
Ridwan Kamil Tiba di DPP Golkar Jelang Pengumuman Gabung Partai,Gubernur Jawa Barat Ridwan Kamil tiba di Kantor DPP Partai Golkar. Ridwan Kamil akan diumumkan bergabung dengan Partai Golkar.
Golkar Tetap Capreskan Airlangga Meski Ada Sosok RK,"Gubernur Jawa Barat, Ridwan Kamil bakal bergabung dengan Partai Golkar. Ketua DPP Partai Golkar, Ace Hasan memastikan Golkar tetap mengusung Ketum, Airlangga"
Ridwan Kamil 100 Persen Gabung Golkar!,Gubernur Jawa Barat Ridwan Kamil sudah dipastikan 100 persen bakal bergabung dengan Partai Golkar untuk mengarungi Pemilu 2024 mendatang.
"Ada Baliho 'Terima Kasih Wali Kota Depok atas Underpass', Ini Profil Underpass Depok",Sebuah baliho berisi ucapan terima kasih dari warga Depok kepada Wali Kota Depok M Idris atas underpass Dewi Sartika muncul di dekat underpass Dewi Sartika.
Lika-liku Perjalanan Politik Ridwan Kamil Sebelum Masuk Golkar,Gubernur Jabar Ridwan Kamil atau RK telah mengambil keputusan soal kelanjutan karir politiknya. RK rencananya akan diumumkan masuk Partai Golkar sore nanti.
Ace Hasan Harap RK Bisa Bantu Pemenangan Golkar di 2024,"Ridwan Kamil bakal bergabung dengan Partai Golkar. Ketua DPP Golkar, Ace Hasan Syadzily berharap bergabungnya RK dapat membantu pemenangan Golkar di 2024."
Golkar Unggah RK Berjaket Kuning Jelang Pengumuman Gabung Partai,"Ridwan Kamil bakal diumumkan menjadi kader Golkar hari ini. Jelang pengumuman, RK dan Golkar mengunggah serba kuning di media sosial."
Golkar Tetap Capreskan Airlangga Hartarto Meski RK Akan Bergabung,"Gubernur Jabar RK akan bergabung dengan Partai Golkar hari ini. Meski begitu, Golkar akan tetap konsisten mengusung Ketum Airlangga Hartarto sebagai capres."
Unggahan Serba-kuning Jelang Pengumuman Ridwan Kamil Gabung Golkar,"Ridwan Kamil bakal diumumkan menjadi kader Partai Golkar hari ini, Rabu (18/1/2023). Rencananya, Ketum Airlangga Hartarto akan mengumumkan secara langsung."
Perjalanan Ridwan Kamil hingga Bakal Diumumkan Jadi Kader Golkar,"Jika tidak ada halangan, rencananya, Ridwan Kamil bakal diumumkan secara resmi bergabung dengan partai berlambang beringin kuning di kantor DPP Partai Golkar."
Golkar Umumkan RK Gabung Partai Sore Ini,Gubernur Jawa Barat Ridwan Kamil (RK) telah mantap menetapkan perahu politiknya. RK rencananya akan gabung Partai Golkar pada sore hari ini.
"Ridwan Kamil Masuk Golkar Sore Ini, PAN Puji Langkah Berani",Ridwan Kamil menyatakan akan masuk ke Golkar sore ini. Ketua DPP PAN Bima Arya mengatakan hal yang dilakukan Ridwan Kamil merupakan langkah yang berani.
"Ada Underpass, Lalin Jalan Dewi Sartika Depok Arah Margonda Lancar Pagi Ini","Underpass Jalan Dewi Sartika, Depok, telah diresmikan dan bisa digunakan oleh warga. Lalu lintas di Jalan Dewi Sartika arah Jalan Margonda Raya pun lancar."
Fakta-fakta Tentara Amerika Borong Bakso Tahu di Bandung,"Tentara Amerika Serikat (AS) bikin heboh usai 'menyerbu' penjual bakso tahu di Markas Yonif Para Raider 330/Tridharma, Cicalengka, Kabupaten Bandung."
Alun-alun Singaparna Tasik yang Diresmikan Ridwan Kamil Tuai Sorotan,"Pembangunan Alun-alun Singaparna, Kabupaten Tasikmalaya, Jawa Barat, mendapat sorotan dari berbagai pihak karena menggunakan lahan desa."
Pembangunan Alun-alun Laut Palabuhanratu Dimulai Maret 2023,"Rencana pembangunan Alun-alun Laut Palabuhanratu, Kabupaten Sukabumi akan segera terealisasi. Pembangunan ruang publik tersebut akan dimulai pada Maret 2023."
Lelang Pengelolaan TPPAS Legok Nangka Ditargetkan Rampung Tahun Ini,"Pemprov Jawa Barat memproyeksikan lelang pengelolaan Tempat Pengolahan dan Pemrosesan Akhir Sampah Legok Nangka, Kabupaten Bandung bisa rampung tahun ini."
RK Minta Walkot Depok Tambah CCTV di Underpass Dewi Sartika Cegah Vandalisme,Ridwan Kamil bersama M Idris meresmikan underpass Dewi Sartika Kota Depok. RK meminta Pemkot Depok menambah CCTV untuk mencegah aksi vandalisme.
Ambisi Golkar Rebut Kembali Kursi Wali Kota Bandung,Partai Golkar tengah meracik strategi untuk bertarung di Pilwalkot Bandung 2024. Golkar punya target raihan suara dan kursi di Pileg Kota Bandung 2024.
Ridwan Kamil dan Walkot Depok Resmikan Underpass Dewi Sartika,"Gubernur Jawa Barat Ridwan Kamil (RK) bersama Wali Kota (Walkot) Depok M Idris meresmikan underpass Dewi Sartika Kota Depok, Jawa Barat."
Ridwan Kamil Bakal Diumumkan Jadi Kader Golkar di Kantor DPP,Ridwan Kamil menyatakan bakal mengumumkan secara resmi bergabung dengan Partai Golkar pada Rabu (18/1/2023).
Momen Jokowi-Sultan HB X Duduk Berdampingan Makan Nasi Kotak,Jokowi dan Sultan HB X duduk berdampingan sambil makan nasi kotak. Momen itu saat makan siang dalam Rakornas Kepala Daerah dan Forkopimda Se-Indonesia.
Ridwan Kamil: Kemungkinan Besok Sore Masuk Golkar,"""Kemungkinan besok sore masuk Golkar,"" kata Gubernur Jawa Barat Ridwan Kamil di Depok."
"Jokowi Makan Nasi Kotak Bareng Gubernur, Semeja dengan RK hingga Sultan HB X",Presiden Jokowi makan siang bareng para gubernur yang hadir dalam Rakornas Kepala Daerah dan Forum Komunikasi Pimpinan Daerah (Forkopimda) Se-Indonesia.
Warga Depok Antusias Hadiri Peresmian Underpass Dewi Sartika,Warga bernama Sri mengatakan dia berniat memyaksikan peresmian underpass Dewi Sartika karena ingin bertemu dengan Gubernur Jawa Barat Ridwan Kamil (RK).
"Akses ke Masjid Al Jabbar Macet Panjang, Ini Tips dari Ridwan Kamil","Akses jalan menuju Masjid Al Jabbar, Bandung, kerap mengalami kemacetan panjang. Gubernur Jawa Barat Ridwan Kamil bicara soal jalan keluar kemacetan tersebut."
Pesan Ridwan Kamil ke bank bjb buat Hadapi 2023: Gesit Beradaptasi!,Gubernur Jawa Barat Ridwan Kamil memberi pesan untuk bank bjb agar bisa melalui tantangan yang ada di tahun 2023
NasDem Tak Merasa Disindir Jokowi soal Grasa-grusu Usung Capres,Partai NasDem tak merasa pidato Presiden Jokowi di HUT PDIP soal 'grasa-grusu usung capres' ditujukan kepada pihaknya.
Jembatan Cimandur Lebak yang Putus Diterjang Banjir Dibangun Kembali,"Jembatan Cimandur di Kecamatan Bayah, Lebak, Banten, yang putus diterjang banjir sedang proses pembangunan. Jembatan itu sudah hampir selesai dibangun."
99 Lampu Gentur di Masjid Al Jabbar Ternyata dari Cianjur,"99 lampu hiasan interior di Masjid Al Jabbar, Kota Bandung yang fenomenal ternyata berasal dari Kampung Gentur Cianjur."
"Gelora Sindir Capres Tak Punya Partai, NasDem Bilang Anies Penuhi Syarat","""Anies sudah dicalonkan oleh Nasdem yang memiliki keterwakilan 10% di parlemen. Dan akan segera digenapkan setelah PD dan PKS bergabung,"" kata Hermawi Taslim."
Sejarawan: Pembangunan Pangandaran Jangan Sembrono,Sejarawan Ari Nugroho mewanti-wanti agar pembangunan Pangandaran tak melupakan faktor historis dan geologis.
"Hadiri Harlah ke-50 PPP di Sumedang, Mardiono: PPP Alami Kematangan",Plt Ketua Umum Partai Persatuan Pembangunan (PPP) Muhamad Mardiono menghadiri acara puncak peringatan Hari Lahir (Harlah) ke-50.
Jabar Sepekan: Model Amalia Tambunan Jadi Korban Begal Pantat,Beragam peristiwa terjadi di Jawa Barat sepanjang pekan ini. Mulai dari konten Masjid Al Jabbar yang mencapai Rp 15 M hingga kasus begal pantat di Bandung.
Spanduk Tolak Perpanjangan Jabatan Presiden Terpampang di Musra XIII Jatim,Sejumlah spanduk terpampang di lokasi Musra XIII Jatim di Surabaya. Spanduk itu berisi pesan penolakan perpanjangan jabatan Presiden hingga penolakan 3 periode
Wagub Uu Ingin PPP Usung Ridwan Kamil Jadi Capres di Pemilu 2024,Wakil Gubernur Jawa Barat Uu Ruzhanul Ulum meminta Dewan Pimpinan Pusat (DPP) Partai Persatuan Pembangunan (PPP) mengusung Ridwan Kamil jadi Capres di 2024.
"Soal Maju ke Pilgub Jabar, Uu: Saya Tak Berani Lawan Pak Emil",Wakil Gubernur Jawa Barat (Jabar) Uu Ruzhanul Ulum mengaku siap mencalonkan diri menjadi Gubernur Jabar andai RK mau ke Pilpres 2024.
Heboh Tentara Amerika 'Serbu' Gerobak Baso Tahu di Bandung,Tentara Amerika Serikat (AS) dalam beberapa hari terakhir menjadi perbincangan warganet. Rupanya mereka doyan baso tahu Bandung!
"Gelora Dukung Anis Matta-Fahri Maju Pilpres 2024, Singgung Tiket Anies",Partai Gelora bakal mendorong Anis Matta dan Fahri Hamzah maju capres-cawapres 2024. Gelora menyinggung Anies Baswedan dan Ridwan Kamil yang tak punya partai.
Pekik 'RK Presiden' di Puncak Harlah ke-50 PPP,Gubernur Jawa Barat M Ridwan Kamil didukung jadi calon presiden oleh ribuan kader Partai Persatuan Pembangunan (PPP) Kabupaten Sumedang.
Kisah Perkawanan Yadi dan RK Kala Jaga Kelestarian Sungai Cikapundung,Sekjen Komisaris Sungai Jawa Barat Yadi Supriyadi pernah punya kisah perkawanan dengan Ridwan Kamil dalam merawat Sungai Cikapundung.
"RK Dikabarkan Sudah Gabung Golkar, Waketum: Kita Sih Welcome Banget",Beredar kabar Ridwan Kamil telah bergabung ke Partai Golkar melalui Kosgoro 1957. Apa kata Golkar?
Bagi-bagi Sepeda Mirip Jokowi dan Gimmick Politik Ridwan Kamil di Tasik,"Peresmian pembangunan objek wisata Situ Gede di Kota Tasikmalaya, oleh Gubernur Jabar Ridwan Kamil memberi kesan berbeda bagi masyarakat yang hadir."
Golkar: Keanggotaan Ridwan Kamil Tinggal Tunggu Legal-Formal,Politikus Golkar Nurul Arifin mengatakan masih akan menunggu legal formal RK menjadi anggota Partai pohon beringin tersebut. Golkar bakal menyambut baik RK.
"Kian Dekat Gabung Golkar, Ridwan Kamil: Sedang Disinkronisasi",Gubernur Jawa Barat Ridwan Kamil memberikan sinyal positif terkait pilihan partai politik yang akan dijadikan 'perahu' untuk mengarungi Pemilu 2024.
"Resmikan Alun-alun Singaparna, Ridwan Kamil Beri Pesan ke Warga Tasik","Gubernur Jabar Ridwan Kamil meresmikan Alun-alun Singaparna, Kabupaten Tasikmalaya. Dia meminta warga untuk menjaga ruang publik yang baru diresmikan itu."
Musra ke XIII Jawa Timur Munculkan 6 Sosok Terkuat Capres-Cawapres,Musyawarah Rakyat yang dimotori Relawan Buruh Sahabat Jokowi akan digelar di Surabaya pada 15 Januari. Ada 6 sosok terkuat capres-cawapres yang muncul.
Airlangga Bakal Umumkan Langsung Status RK saat Resmi Berseragam Golkar,Ridwan Kamil dikabarkan telah bergabung dengan Golkar. Ketum Golkar Airlangga Hartato disebut akan mengumumkannya secara langsung.
Saat Tentara Amerika Ketagihan Baso Tahu Bandung,Media sosial dikejutkan dengan foto-foto tentara Amerika Serikat yang antre di sebuah gerobak jajanan. Mereka diketahui sedang berada di Bandung.
"Tentara Amerika Jajan Batagor di Bandung, Ridwan Kamil Senang","Aksi para tentara Amerika Serikat jajan batagor dan siomai di wilayah Bandung, Jawa Barat, mengundang perhatian warganet. Gubernur Ridwan Kamil ikut bersuara."
Gokil! Tentara Amerika Jajan Bakso Tahu di Bandung,Aksi para tentara Amerika Serikat mengundang perhatian warganet. Pasalnya mereka terekam tengah memborong jajanan bakso tahu siomay di Bandung.
Ketua DPP Golkar: Ridwan Kamil Sudah Masuk ke Golkar Melalui Kosgoro,"Ketua DPP Partai Golkar Dave Laksono mengatakan Gubernur Jawa Barat, Ridwan Kamil, telah menjadi anggota Partai Golkar."
RK soal Emak-emak Joget di Masjid Al Jabbar: Hargai Tempat Ibadah,Sebuah potongan video sekelompok emak-emak berjoget di Masjid Al Jabbar viral di media sosial. Gubernur Ridwan Kamil menanggapi beredarnya video tersebut.
Respons RK soal Terhambatnya Pembuangan Sampah ke TPA Sarimukti,"Pembuangan sampah dari wilayah di Bandung Raya ke TPA Sarimukti, Kabupaten Bandung Barat (KBB) lagi-lagi terhambat. Ini respons Ridwan Kamil."
"Emak-emak Joget di Masjid Al Jabbar, RK: Tolong Hargai Tempat Ibadah",Sebuah potongan video yang menunjukan sekelompok emak-emak berjoget di Masjid Al Jabbar kini menjadi sorotan hingga menuai banyak kecaman. Ini respons RK.
Sudah Jodohkan Capres-cawapres di The Matchmaker? Cek Jagoanmu di Sini,Sudah ribuan detikers ikutan The Matchmaker dan ada sederet nama yang saat ini jadi favorit detikers untuk maju di Pilpres 2024. Ada jagoanmu? Cek di sini
Masjid Al Jabbar Perlu Didukung Sistem Pengelolaan Sampah,"Masjid Al Jabbar menjadi daya tarik wisata religi baru. Namun sayangnya berbagai persoalan muncul usai peresmian masjid, salah satunya sampah."
Jabar Hari Ini: Kebakaran Ludeskan RM Ampera di Bandung,"Beragam peristiwa terjadi di Jawa Barat (Jabar) hari ini, Kamis (12/1/2023). Mulai dari kebakaran RM Ampera di Bandung hingga polisi tangkap Kadal pembunuh."
Ridwan Kamil Serahkan Kebijakan Larangan Lato-lato ke Pemda,Gubernur Jawa Barat Ridwan Kamil merespons maraknya penggunaan lato-lato yang kini sedang digandrungi anak sekolah.
Survei Elektabilitas Capres di Surabaya: Ganjar Unggul Jauh di Atas Anies,"Dari survei SSC yang dilakukan di Surabaya, elektabilitas Ganjar Pranowo jauh di atas Aneis Baswedan. Apa faktornya?"
"Relawan Bocorkan Progres Komunikasi RK dengan Golkar, PAN dan Gerindra",Ridwan Kamil hingga kini belum memutuskan pilihan partai politik menjelang Pemilu 2024 mendatang. Ini kata relawan Ridwan Kamil.
Respons Ridwan Kamil soal Status Darurat Medis Chikbul di Jabar,"Gubernur Jabar Ridwan Kamil mengatakan, pihaknya akan merapatkan situasi darurat medis atas kasus chikbul. Status itu dikeluarkan usai 28 anak alami keracunan."
"RK soal Anggaran Rp 15 M Masjid Al Jabbar: Buat Konten Museum, Bukan Medsos",Gubernur Jawa Barat Ridwan Kamil akhirnya buka suara soal sorotan terhadap proyek konten Masjid Al Jabbar Rp 15 miliar.
Ridwan Kamil Jelaskan soal Konten Masjid Al Jabbar Rp 15 M,Gubernur Jawa Barat Ridwan Kamil akhirnya buka suara soal sorotan terhadap proyek konten Masjid Al Jabbar Rp 15 miliar.
Sekda Bandung Soroti soal Parkir Sembarangan-PKL di Masjid Al Jabbar,"Sekda Kota Bandung Ema Sumarna meninjau Masjid Raya Al Jabbar. Ia meninjau soal sarana dan prasarana, termasuk akses jalan dan lahan parkir di masjid."
Sembilan Matahari Buka Suara soal Konten Masjid Al Jabbar Rp 15 M,Masjid Al Jabbar sedang menjadi sorotan publik. gegara proyek dengan nama 'Pembuatan Konten Masjid Raya Provinsi Jawa Barat' yang mencapai belasan miliar.
Ridwan Kamil Bakal Resmikan Underpass Dewi Sartika Depok 17 Januari,"Proyek underpass di Jalan Dewi Sartika, Kota Depok, telah selesai dikerjakan. Underpass itu akan diresmikan Gubernur Jawa Barat Ridwan Kamil pada 17 Januari."
Wagub Uu Sebut Alun-alun Singaparna Akan Diresmikan RK 14 Januari,"Singaparna sebagai Ibu Kota Kabupaten Tasikmalaya, Jawa Barat terus bersolek. Kini, Singaparna memiliki alun-alun yang bisa dijadikan ikon kota."
Wow! Anggaran Pembuatan Konten Masjid Al Jabbar Capai Rp 15 M,"Sorotan terhadap Masjid Al Jabbar rupanya belum usai. Setelah sengkarut masalah sampah dan kemacetan, kini anggaran konten Rp 15 miliar menjadi sorotan."
Ortu Ancam Gugat Walkot Depok ke PTUN Jika Tetap Gusur SDN Pocin 1,"Kuasa hukum wali murid SDN Pocin 1, Francine Widjojo, mengatakan akan menggugat Walkot Depok ke PTUN apabila tidak menggubris surat keberatan dalam 10 hari."
Lengan Arsy Hermansyah Sampai Lebam karena Lato-lato,Arsy Hermansyah sampai lebam saking antusiasnya main lato-lato. Atta Halilintar sarankan main lato-lato 'matic' tanpa tali.
Aksi Bapak-bapak Gowes Bersihkan Sampah di Masjid Al Jabbar,Sekelompok bapak-bapak yang tergabung dalam Cipamokolan Onthel Komunitas (Onthel) tergerak untuk membersihkan sampah di Masjid Al Jabbar Bandung.
"Pernah Bikin Heboh, Kilauan NFT Memudar di 2022",NFT pernah menghebohkan Indonesia dengan munculnya seorang anak muda yang viral menjual hasil foto dirinya. Tapi kilauan NFT terus memudar sepanjang 2022.
Penataan Pura Besakih yang Dibandingkan Masjid Al Jabbar oleh Ridwan Kamil,Gubernur Jabar Ridwan Kamil membandingkan pembangunan Masjid Al Jabbar dengan penataan Pura Agung Besakih. Menurutnya keduanya sama karena menggunakan APBD.
Siapa yang Kembali Populerkan Lato-lato hingga Viral?,Lato-lato pernah populer di era yang berbeda. Lantas siapa yang kembali mempopulerkannya saat ini hingga viral di media sosial?
Segudang Pekerjaan Rumah di Balik Megahnya Masjid Al Jabbar,Di balik peresmian meriah Masjid Al Jabbar ternyata masih ada sederet pekerjaan rumah yang harus dibereskan.
Wisatawan Berpikap Serbu Masjid Al Jabbar Bandung,"Masjid Raya Al-Jabbar Provinsi Jawa Barat yang berada di Gedebage, Kota Bandung, menjadi destinasi wisata religi baru yang ada di Jabar."
Populer: Keluhan Angkutan Umum Bandung Vs Masjid Al Jabbar,"Keluhan buruknya angkutan umum di Jawa Barat, khususnya Bandung muncul di Twitter. Belakangan, makin panas gegara akses ke Masjid Raya Al Jabbar yang buruk."
Peziarah Berpikap Serbu Masjid Al Jabbar Bandung,"Warga berduyun-duyun mendatangi Masjid Al-Jabbar, Kota Bandung. Bahkan ada peziarah yang berpikap."
"Ridwan Kamil, Dengarkan Betapa Jengkelnya Warga soal Transportasi Publik Bandung",Transportasi publik di Bandung sedang disorot. Gubernur Jawa Barat Ridwan Kamil diminta untuk mau mendengarkan keluh kesah warganya.
Tentang Pura Besakih yang Dibanding-bandingkan oleh Ridwan Kamil,Pura Besakih muncul dalam cuitan Gubernur Jawa Barat Ridwan Kamil ketika menjawab soal dana pembangunan Masjid Al Jabbar.
"Wagub Ijeck Bagikan Momen Main Latto-latto, Siap Tantang Lord Arnold","Wagub Sumut Musa Rajekshah (Ijeck) bermain latto-latto. Dalam unggahannya di Instagram, Ijeck bertanya apakah permainannya sudah setara dengan Lord Arnold."
Ridwan Kamil Ungkap Mata Air Muncul di Dekat Makam Eril,Ridwan Kamil mengungkap mata air muncul di dekat makam anaknya Emmeril Kahn Mumtadz atau Eril. Mata air ini akan digunakan untuk masyarakat sekitar makam Eril.
Muncul Mata Air di Dekat Makam Eril,"Sebuah mata air ditemukan di dekat makam anak Ridwan Kamil, Emmeril Kahn Mumtadz. Mata air ini akan digunakan untuk kepentingan masyarakat sekitar makam Eril."
"Ramai Bahas-bahas Transportasi Publik di Bandung, Indonesia Peringkat Berapa di Dunia?",Sedang ramai di jagat maya kritikan terhadap Ridwan Kamil terkait transportasi publik. Urutan berpaakah posisi kualitas transportasi publik di Indonesia?
"Angkutan Umum Bandung Kerap Dikeluhkan, Makin Panas gegara Masjid Al Jabbar","Keluhan buruknya angkutan umum di Bandung sering muncul di Twitter. Belakangan, makin panas gegara akses ke Masjid Raya Al Jabbar yang buruk."
Langkah Golkar untuk Sambut Ridwan Kamil,Wakil Ketua DPD Partai Golkar Jawa Barat Aria Girinaya membantah Ridwan Kamil batal bergabung dengan Partai Golkar.
Jabar Hari Ini: Terungkap Aksi Pria Bandung Rekam-Jual Video Intip CD,Kasus perekaman video intip celana dalam (CD) di Bandung terungkap. Kasus tersebut merupakan salah satu dari sekian kabar hangat yang terjadi di Jawa Barat.
"Ridwan Kamil Disorot Bangun Masjid Pakai APBD, Proyek Lain Apa Kabar?",Gubernur Jawa Barat Ridwan Kamil masih menjadi trending topik di media sosial Twitter.
"Transportasi Publik Jadi Sorotan Netizen, Ridwan Kamil Bilang Begini",Transportasi publik di Jawa Barat menjadi sorotan netizen saat berdebat tentang pembangunan Masjid Al Jabbar. Begini respons Ridwan Kamil.
"Ada Duet Baru Muncul di Top 5 Capres-cawapres Favorit The Matchmaker, Siapa?",Ada pasangan capres-cawapres favorit baru detikers yang muncul di hasil sementara The Matchmaker. Siapa duet ini?
Reaksi Ridwan Kamil Disorot Warganet soal Transportasi Publik,Gubernur Jabar Ridwan Kamil disorot warganet soal transportasi publik. Begini reaksi Ridwan Kamil usai disorot.
"Ridwan Kamil Sebut Netizen RI Terkasar, Ini Datanya","Gubernur Jawa Barat, Ridwan Kamil, mencuit tentang kasarnya sebagian netizen Indonesia. Memang pernah ada penelitian yang membahas soal itu."
Tawaran Golkar hingga Batalnya Ridwan Kamil Gabung Parpol di 2022,Ridwan Kamil batal mengumumkan partai politik pilihannya di akhir 2022 lalu. Golkar Jabar mengungkap telah memberi 2 kali kesempatan kepada Ridwan Kmail.
Fenomena Citayam Fashion Week yang Viral dan Memudar di 2022,Tahun 2022 juga dimeriahkan dengan fenomena Citayam Fashion Week (CFW). Fenomena ini sempat begitu populer hingga akhirnya memudar dengan sendirinya.
"Sekjen PAN Bela Ridwan Kamil: Masjid Diperhatikan, Program Lain Juga",Sekjen PAN Eddy Soeparno menilai Ridwan Kamil terbuka menerima masukan dari berbagai pihak dan selalu siap berdiskusi menyampaikan rasionalisasi.
Linimasa Wajah Masjid Al Jabbar Rancangan RK yang Disorot Netizen,"Masjid Al Jabbar mengubah wajah kawasan Cimincrang, yang awalnya kampung di tengah persawahan menjadi sasaran pelancong dari berbagai daerah."
RK Diminta Hati-hati Keluarkan Pernyataan soal Bantuan Rp 1 T ke NU,Polemik klaim bantuan dari Ridwan Kamil (RK) ke NU Jawa Barat sebesar Rp 1 triliun selama menjabat sebagai gubernur rupanya belum selesai mendapat sorotan.
Jabar Hari Ini: Geger Sejoli Mesum di Teras Cihampelas Bandung,"Aksi sejoli mesum di Teras Cihampelas, Kota Bandung, menjadi topik utama dalam rubrik Jawa Barat (Jabar) hari ini."
"Heboh Masjid Al Jabbar Dibangun Pakai APBD, Ridwan Kamil Dicolek",Penggunaan anggaran pemerintah daerah untuk membangun tempat ibadah sebetulnya sah-sah saja. Bagaimana dengan Masjid Al Jabbar?
Infografis: 6 Secret of Happiness Ala Ridwan Kamil,Gubernur Jawa Barat Ridwan Kamil memberikan secuil rahasia kebahagiaan. Bisa diingat saat mulai lelah menjalani hidup dan butuh motivasi ya detikers...
Ridwan Kamil Diminta Tak Baper soal Kritikan tentang Masjid Al Jabbar,PKS Jawa Barat merespons adu argumen Ridwan Kamil (RK) dengan netizen soal Masjid Al Jabbar yang viral di media sosial.
Menelisik Penyebab Ridwan Kamil Batal Berseragam Partai di 2022,Guru besar ilmu politik Universitas Padjajaran (Unpad) Muradi turut menyoroti batalnya Gubernur Jawa Barat Ridwan Kamil (RK) berseragam partai di tahun 2022.
Survei Cawapres 2024 Indikator Politik: Ridwan Kamil Teratas,"Hasil sigi Indikator Politik menunjukkan elektabilitas Ridwan Kamil menang telak, disusul Sandiaga Uno dan Agus Harimurti Yudhoyono (AHY)."
"Siswa Dilarang Bawa Latto-latto ke Sekolah di Daerah Ini, Kenapa Ya?",Viralnya permainan latto-latto membuat Disdik Kabupaten Pesisir Barat keluarkan surat edaran ini. Apa isinya?
Berapa APBD Jabar yang Dipakai buat Bangun Masjid Al Jabbar?,Masjid Raya Al Jabbar belum henti-hentinya jadi bahan perbincangngan semenjak diresmikan.
Ridwan Kamil Respons Kritik di Medsos soal Masjid Al Jabbar Pakai APBD,Pembangunan Masjid Al Jabbar dikritik di media sosial lantaran menggunakan APBD. Gubernur Jabar Ridwan Kamil merespons kritik itu.
"Proyek Jembatan Jatijajar Molor, Walkot Depok: Bisa Diperpanjang","Proyek Jembatan Jatijajar, Depok, molor dari target. Walkot Depok Mohammad Idris mengatakan penyelesaian proyek itu bisa diperpanjang hingga akhir Januari 2023."
"Survei Capres Indikator Politik: Tren Ganjar dan Prabowo Naik, Anies Stagnan","Indikator merilis hasil survei elektabilitas sosok-sosok potensial capres. Survei terbaru, elektabilitas Ganjar dan Prabowo naik, sedangkan Anies stagnan."
Adu Argumen Netizen Vs RK soal Masjid Al Jabbar hingga Viral di Medsos,Gubernur Jabar Ridwan Kamil adu argumen dengan seorang netizen terkait pembangunan Masjid Al Jabbar.
Aksi Mesum Sejoli yang Nodai Misi Kebangkitan Teras Cihampelas,Pemkot Bandung tengah mengupayakan kebangkitan Teras Cihampelas. Namun misi bangkit ini dinodai aksi sejoli mesum di Teras Cihampelas.
"Masjid Al Jabbar Dibangun Pakai APBD, Pengamat: Tidak Tepat!","""Kan banyak juga kan daerah di Jawa Barat yang belum terjangkau karena jalannya atau aksesnya buruk kan bisa ke sana uangnya, akan lebih bermanfaat,"""
"Proyek Underpass Dewi Sartika Depok Rampung, Akan Diresmikan RK","Proyek underpass di Jalan Dewi Sartika, Depok, telah selesai dikerjakan. Underpass dapat digunakan warga setelah diresmikan Gubernur Jabar Ridwan Kamil."
Bolehkah APBD Dipakai Bangun Tempat Ibadah Seperti Masjid Al Jabbar?,Bolehkah anggaran pemerintah digunakan untuk membangun tempat ibadah? Seperti apa aturannya?
Heboh Ridwan Kamil Vs Netizen: Masjid Al Jabbar Dibangun Pakai APBD,Masjid Raya Al Jabbar belum berhenti jadi sorotan semenjak diresmikan. Kali ini sorotan ditujukan pada pembiayaan pembangunan masjid.
Ormas Islam Minta RK Jelaskan Lagi soal Bantuan Rp 1 T ke NU,Forum Silaturahmi Ormas Islam Jawa Barat meminta agar Ridwan Kamil menjelaskan soal bantuan Rp 1 triliun kepada NU.
Tarik Ulur Langkah Politik RK hingga Batal Berseragam Partai di 2022,"Ridwan Kamil dipastikan batal bergabung dengan partai politik di tahun 2022. Padahal, dia sempat berjanji akan mengumumkan pelabuhan politiknya di akhir 2022."
"Baru Diresmikan, Masjid Raya Al Jabbar Bandung Punya Masalah Serius... Sampah",Kemacetan akibat akses sempit jadi satu dari sekian masalah serius Masjid Al Jabbar Bandung. Sampah akibat ulah traveler juga menjadi yang berikutnya.
"Pandawara Group, Lima Sahabat Menerjang Sungai demi Pungut Sampah",Aksi Pandawara dengan membuat konten bersih-bersih sungai banyak mendapat apresiasi dari berbagai kalangan. Mereka dianggap mampu menginspirasi.
"6 Secret of Happiness ala Ridwan Kamil, Ternyata Sederhana!",Ridwan Kamil membagikan secret of happinessnya melalui unggahan Reels Instagram. Apa saja ya?
Deretan Fasilitas yang Viral Jadi 'Kolam Renang Dadakan' di Jabar,"Bukan cuma kolam di Masjid Al-Jabbar, kolam-kolam di berbagai tempat di Jabar ini pun kerap dijadikan tempat berenang oleh warga, khususnya anak atau bocil."
Macet dan Sampah Jadi Masalah di Sekitar Masjid Al Jabbar,"Kawasan Gedebage, Kota Bandung kerap dilanda macet imbas dibukanya Masjid Raya Al Jabbar. Kondisi itu mulai dikeluhkan warga sekitar."
PPP dan Sandiaga Dinilai Saling Membutuhkan untuk Pilpres 2024,"Menurut Adi, jika Sandiaga gabung PPP maka posisi tawarnya jauh lebih kuat karena ada partai yang siap pasang badan untuk mengusung maju Pilpres 2024."
"Lagi Viral, Ternyata Lato-lato Sudah Dijual dari November 2022","Ternyata lato-lato ini sudah mulai dipasarkan sejak November 2022. Hal ini diungkapkan oleh salah satu penjual grosir lato-lato di Pasar Asemka, Jakarta Barat."
"Berburu Cuan dari Jualan Lato-lato, Kini Jadi Kerjaan Sampingan","Lato-lato sedang viral dan digandrungi oleh berbagai usia, dari anak-anak hingga dewasa. Alhasil, banyak orang mulai mengejar cuan dari jualan lato-lato."
Masalah di Balik Kemegahan Masjid Al Jabbar,"Peresmian Masjid Al Jabbar menyedot perhatian masyarakat, mereka berbondong-bondong mendatangi masjid tersebut. Sayangnya muncul beberapa masalah."
Jabar Hari Ini: Heboh Kolam Masjid Al Jabbar Dipakai Pengunjung Berenang,"Beragam peristiwa terjadi di Jabar hari ini,  mulai kasus dugaan pemukulan yang dilakukan bupati Pangandaran hingga warga berenang di kolam Masjid Al Jabbar."
"Kolam Masjid Raya Al-Jabbar Buat Renang Bocil, Masjid di Sukabumi Juga",Viral kolam Masjid Raya Al-Jabbar di Bandung dipakai buat main air dan berenang bocil. Situasi yang sama juga pernah dialami oleh Masjid Agung Kota Sukabumi.
Kata Ridwan Kamil soal Kolam Masjid Al-Jabbar Dipakai Warga Berenang,"Kolam yang ada di kawasan Masjid Raya Al-Jabbar, Provinsi Jawa Barat, di Gedebage, Kota Bandung dijadikan tempat bermain air oleh pengunjung."
Ridwan Kamil Siapkan Akses Baru ke Masjid Al Jabbar,"Gubernur Jabar Ridwan Kamil akan menyiapkan akses baru menuju Masjid Al Jabbar di Gedebage, Kota Bandung. Tujuannya agar lalu lintas tak lagi semrawut."
"Viral Kolam Masjid Raya Al Jabbar Buat Renang Bocil, Ini Kata Ridwan Kamil","Kolam air di kawasan Masjid Raya Al-Jabbar viral jadi tempat main dan berenang bocil-bocil. Gubernur Jawa Barat, Ridwan Kamil pun buka suara."
"Heboh Kolam Masjid Al Jabbar Dipakai Renang, Ridwan Kamil Buka Suara",Kolam di kawasan Masjid Raya Al Jabbar dijadikan tempat bermain air. Gubernur Jabar Ridwan Kamil menyebut pihaknya mengambil sejumlah langkah mengenai hal itu.
"Kolam Masjid Al-Jabbar Dipakai Renang Warga, Ini Kata Ridwan Kamil",Gubernur Jabar Ridwan Kamil tidak akan tinggal diam melihat kolam di area Masjid Al Jabbar dijadikan tempat berenang oleh pengunjung.
Kolam di Masjid Al Jabbar Malah Dipakai Warga untuk Berenang,"Gubernur Ridwan Kamil beberapa hari lalu meresmikan Masjid Raya Al Jabbar. Namun, area kolam dekat tempat wudu dijadikan anak-anak sebagai area berenang."
Saran Pakar Agar Akses ke Masjid Al Jabbar Tak Lagi Semrawut,"Akses masuk dan keluar Masjid Raya Al-Jabbar, Provinsi Jawa Barat semrawut. Akses jalan yang sempit membuat kemacetan di kawasan itu tak terhindarkan."
Mengintip Resolusi 2023 Para Tokoh Bangsa,Awal Tahun 2023 telah dimulai. Sederet tokoh bangsa pun menyampaikan resolusinya di tahun ini. Apa saja resolusi mereka?
Jabar Sepekan: Aksi Ngeri Kakek Bunuh Cucu di Tasikmalaya,"Ragam peristiwa terjadi dalam sepekan di Jabar, mulai dari kakek bunuh cucu di Tasikmalaya hingga wanita 'smackdown' seorang nenek di Cianjur."
"Resolusi 2023 Ridwan Kamil: Sedikit Berita Buruk, Banyak Berita Baik",Ridwan Kamil mengaku menginginkan tahun ini lebih banyak berita baik ketimbang berita buruk.
Terpopuler Sepekan: Sejarah Mainan Latto-latto hingga Kota Terdingin di Dunia,Viralnya mainan latto-latto di berbagai wilayah hingga fakta kota terdingin di dunia mewarnai sepekan artikel terpopuler detikEdu. Ini rangkumannya.
Tangis Raffi Ahmad saat Mami Popon Meninggal Dunia,Tangis Raffi Ahmad saat Mami Popon meninggal dunia. Seperti apa?
Menguak Hukum Newton di Balik Mainan Viral Lato-lato,Mainan lato-lato tengah digandrungi masyarakat. Anak-anak sampai orang dewasa memainkannya. Ternyata ada hukum fisika Newton di balik cara kerjanya.
Resolusi Ridwan Kamil di 2023: Mudah-mudahan Sedikit Berita Buruk,"Gubernur Jabar Ridwan Kamil memiliki resolusi untuk tahun 2023. Ia menginginkan agar di tahun 2023, lebih banyak berita baik, ketimbang buruk."
"Soal Kabar Tsunami di Pantai Selatan, Ridwan Kamil Pastikan Hoaks",Gubernur Jabar Ridwan Kamil memastikan informasi soal prediksi tsunami di pantai selatan merupakan berita bohong atau hoaks.
"Sampah Sempat Kotori Masjid Al Jabbar, Ridwan Kamil: Jangan Diulangi!",Gubernur Jabar Ridwan Kamil mengimbau agar masyarakat menjaga kebersihan Masjid Raya Al Jabbar.
"PPKM Dicabut, Ridwan Kamil Minta Warga Tetap Tertib Rayakan Tahun Baru",Gubernur Jabar Ridwan Kamil meminta warga tetap waspada dalam merayakan tahun baru meski PPKM telah dicabut pemerintah.
"8 Rekomendasi Tempat Tahun Baruan di Bandung, Incaran Warga dan Wisatawan",Rekomendasi tempat tahun baruan yang biasanya jadi incaran warga maupun wisatawan untuk menghabiskan momen pergantian tahun. Dimana saja?
"Zulhas Doakan Ridwan Kamil Pimpin Indonesia, Kode Pillpres 2024?",Menteri Perdagangan Zulkifli Hasan mendoakan Gubernur Jabar Ridwan Kamil menjadi pemimpin Indonesia. Zulhas mengaku jatuh cinta dengan gaya kepemimpinan RK.
Ini Inspirasi Arsitektur Masjid Al Jabbar yang Didesain-Diresmikan Ridwan Kamil,Kemegahan Masjid Al Jabbar yang baru diresmikan Gubernur Jawa Barat Ridwan Kamil ternyata menyimpan inspirasi yang mendalam pada desain bangunannya.
Upaya Penyelamatan Sungai Citarum yang Mulai Membuahkan Hasil,Gubernur Jawa Barat Ridwan Kamil selaku Komandan Satgas Citarum Harum telah menyampaikan sejumlah keberhasilan yang diraih untuk memulihkan Sungai Citarum.
Kemegahan Masjid Al Jabbar yang Perlu Ditunjang Akses Jalan Mumpuni,Gubernur Jabar Ridwan Kamil telah meresmikan Masjid Raya Al Jabbar. Akses jalan menuju masjid pun menjadi sorotan.
"Ridwan Kamil Resmikan Masjid Al Jabbar, Terinspirasi dari Rumus Matematika","Pemprov Jabar meresmikan Masjid Raya Al Jabbar di Kecamatan Gedebage, Kota Bandung. Gubernur Jabar Ridwan Kamil bercerita tentang makna desain Masjid Al Jabbar."
Kemegahan dan Keindahan Masjid Al Jabbar yang Diresmikan Ridwan Kamil,"Pemprov Jabar meresmikan Masjid Raya Al Jabbar di Kecamatan Gedebage, Kota Bandung. Kegiatan itu dihadiri banyak tamu undangan."
"7 Fakta Masjid Al Jabbar, Mulai dari Awal Pembangunan Hingga Hari Ini Diresmikan","Masjid Al Jabbar memiliki beragam fakta menarik, mulai dari anggaran pembangunan, arsitektur masjid, hingga fasilitas yang ada di dalamnya."
"5 Duet Capres-Cawapres Favorit detikers di The Matchmaker, Kamu Pilih Siapa?",Lebih dari 3 ribu detikers sudah ikutan The Matchmaker untuk memilih dan menjodohkan capres-cawapres favorit. Ini hasil sementara 1-29 Desember 2022.
"Masjid Raya Al Jabbar Bandung Diresmikan Hari Ini, Sekaligus Sholat Jumat Perdana","Masjid Raya Al Jabbar diresmikan Gubernur Jawa Barat Ridwan Kamil pada hari ini, Jumat (30/12/2022) agar sekaligus dapat digunakan untuk sholat Jumat perdana."
"Latto-latto Viral, Anak 90-an Masih Ingat 10 Mainan Jadul Ini Nggak?","Permainan jaman dulu (jadul) latto-latto kembali viral. Selain latto-latto, masih ingat mainan jadul lainnya?"
"Jelang Diresmikan, Masjid Al Jabbar Ramai Dipadati Undangan","Tamu undangan berbondong-bondong menuju Masjid Raya Al-Jabbar jelang peresmian bangunan rancangan Ridwan Kamil itu, Jumat (30/12/2022)."
Lato-lato Mainan Viral Ada Hukum Fisikanya Loh,"Latto-latto mendadak viral dan digandrungi. Yang menarik, mainan tradisional ini ternyata bisa untuk belajar Hukum Fisika loh."
Jabar Hari Ini: Wanita Muda di Cianjur Smackdown Nenek,Beragam peristiwa terjadi di Jabar hari ini. Mulai dari wanita muda Cianjur smackdown sang nenek hingga bendahara desa di Tasik gelapkan uang untuk judi online.
Duh! Sejumlah Fasilitas di 'Maliboro' Tasik Banyak yang Rusak,"Pengunjung kawasan pedestrian Jalan Cihideung, Kota Tasikmalaya menyesalkan banyaknya bagian jalan yang rusak."
Jogja Disebut Jadi Barometer Politik Nasional karena Figur Sultan HB X,Lembaga Kolasse menyebut DIY masih menjadi barometer politik nasional. Hal ini terkait dengan figur Gubernur DIY Sultan Hamengku Buwono X.
Survei Kolasse: Prabowo Paling Dikenal di Jogja-Ganjar Paling Disukai,Lembaga Kolasse merilis survei terbaru soal tokoh di Pilpres 2024. Hasilnya Prabowo Subianto paling dikenal di Jogja tapi Ganjar Pranowo yang paling disukai.
"Survei SPIN: Duet Prabowo-Ganjar 63,3%, Prabowo-Erick 60,9%",Nama Prabowo Subianto menang telak jika dipasangkan dengan Erick Thohir atau Ganjar Pranowo dalam hasil survei lembaga SPIN.
"Ridwan Kamil Temui PWNU Terkait Bantuan Rp 1 Triliun, Ini Hasilnya",Gubernur Jawa Barat Ridwan Kamil telah memenuhi undangan pengurus PWNU Jabar untuk menjelaskan soal bantuan Rp 1 triliun yang memicu polemik.
Survei SPIN: Erick Thohir Cawapres Teratas Disusul RK hingga AHY,Lembaga SPIN mengeluarkan hasil survei terkait elektabilitas bakal cawapres 2024. Eelektabilitas Erick Thohir menempati posisi pertama disusul Ridwan Kamil.
Hasil Pertemuan Ridwan Kamil dan PWNU Soal Polemik Bantuan Rp 1 T,Ridwan Kamil mendatangi kantor PWNU untuk menjelaskan bantuan sehingga Rp 1 triliun kepada warga NU selama menjabat sebagai gubernur.
"Survei SPIN: Prabowo Teratas Trennya Naik, Ganjar-Anies Isi 3 Besar",Lembaga SPIN mengeluarkan hasil survei terkini terkait elektabilitas bakal capres 2024. Elektabilitas Prabowo Subianto menempati posisi pertama.
'Magnet' Makam Eril Hingga Kucing 'Penjaga' yang Setia,Meninggalnya Emmeril Kahn Mumtadz masih menyisakan duka bagi banyak orang. Peziarah terus berdatangan ke pemakaman untuk mendoakan Eril.
"18 Tempat Wisata Gratis di Bandung, Bikin Senang Tanpa Perlu Keluar Uang",Ada banyak tempat wisata gratis di Kota Bandung yang bisa kamu kunjungi. Enggak ada tiket yang perlu dibeli untuk masuk ke tempat wisata ini. Apa saja?
"Latto-latto Lagi Viral, Begini Sejarah, Cara, dan Tips Aman Mainnya","Latto-latto merupakan mainan viral yang banyak digandrungi oleh masyarakat, khususnya anak-anak. Simak tips aman mainnya di sini."
Ridwan Kamil Malam Tahun Baru di Gedung Sate Bandung,Gubernur Jawa Barat Ridwan Kamil berencana menghabiskan waktu malam tahun baru 2023 di kantornya di Gedung Sate.
Mengintip Spesifikasi Bus Listrik Bekas KTT G20 yang Kini Digunakan di Bandung,Pemerintah Provinsi Jawa Barat resmi mengoperasikan sebanyak 8 unit bus listrik bekas KTT G20 2022 Bali. Bus listrik itu akan digunakan di Bandung.
Ridwan Kamil Jelaskan soal Bantuan Rp 1 Triliun ke PWNU Jabar,Gubernur Jawa Barat Ridwan Kamil mendapat protes dari PWNU Jabar soal klaim bantuan Rp 1 triliun. Ridwan Kamil pun memberikan penjelasan.
"Dear Wargi Jabar, Ada Pesan dari Ridwan Kamil soal Malam Tahun Baru",Gubernur Jawa Barat Ridwan Kamil meminta warganya untuk merayakan malam pergantian tahun di rumahnya masing-masing.
Jabar Hari Ini: Bujuk Rayu PAN untuk Gaet Ridwan Kamil,"Beragam peristiwa terjadi di Jabar. Dari kebocoran pipa gas pendingin di gedung milik Susi Pudjiastuti, hingga PAN rayu Ridwan Kamil untuk gabung partai."
